-- phpMyAdmin SQL Dump
-- version 5.0.4
-- https://www.phpmyadmin.net/
--
-- Host: 127.0.0.1
-- Generation Time: Mar 01, 2023 at 07:54 AM
-- Server version: 10.4.17-MariaDB
-- PHP Version: 7.3.27

SET SQL_MODE = "NO_AUTO_VALUE_ON_ZERO";
START TRANSACTION;
SET time_zone = "+00:00";


/*!40101 SET @OLD_CHARACTER_SET_CLIENT=@@CHARACTER_SET_CLIENT */;
/*!40101 SET @OLD_CHARACTER_SET_RESULTS=@@CHARACTER_SET_RESULTS */;
/*!40101 SET @OLD_COLLATION_CONNECTION=@@COLLATION_CONNECTION */;
/*!40101 SET NAMES utf8mb4 */;

--
-- Database: `backlog_database`
--

-- --------------------------------------------------------

--
-- Table structure for table `admin`
--

CREATE TABLE `admin` (
  `id` int(11) NOT NULL,
  `login_id` int(11) DEFAULT NULL,
  `detail_id` int(11) DEFAULT NULL
) ENGINE=InnoDB DEFAULT CHARSET=utf8;

--
-- Dumping data for table `admin`
--

INSERT INTO `admin` (`id`, `login_id`, `detail_id`) VALUES
(1, 700, 700);

-- --------------------------------------------------------

--
-- Table structure for table `approvals`
--

CREATE TABLE `approvals` (
  `id` int(11) NOT NULL,
  `Requirements_id` int(11) NOT NULL,
  `approver_id` int(11) DEFAULT NULL
) ENGINE=InnoDB DEFAULT CHARSET=utf8;

--
-- Dumping data for table `approvals`
--

INSERT INTO `approvals` (`id`, `Requirements_id`, `approver_id`) VALUES
(53, 345, 49),
(54, 346, 1),
(55, 347, 8),
(56, 348, 49),
(57, 349, 50),
(58, 350, 50),
(59, 351, 6);

-- --------------------------------------------------------

--
-- Table structure for table `approver`
--

CREATE TABLE `approver` (
  `id` int(11) NOT NULL,
  `detail_id` int(11) DEFAULT NULL,
  `login_id` int(11) DEFAULT NULL
) ENGINE=InnoDB DEFAULT CHARSET=utf8;

--
-- Dumping data for table `approver`
--

INSERT INTO `approver` (`id`, `detail_id`, `login_id`) VALUES
(1, 2, 2),
(2, 7, 7),
(3, 8, 8),
(4, 9, 9),
(5, 10, 10),
(6, 11, 11),
(7, 12, 12),
(8, 25, 25),
(9, 26, 26),
(10, 27, 27),
(11, 28, 28),
(12, 29, 29),
(13, 30, 30),
(14, 31, 31),
(15, 33, 33),
(16, 34, 34),
(17, 35, 35),
(18, 36, 36),
(19, 40, 40),
(20, 41, 41),
(21, 42, 42),
(22, 43, 43),
(23, 44, 44),
(24, 45, 45),
(25, 46, 46),
(26, 89, 89),
(27, 90, 90),
(28, 91, 91),
(29, 93, 93),
(30, 97, 97),
(31, 98, 98),
(32, 99, 99),
(33, 100, 100),
(34, 101, 101),
(35, 102, 102),
(36, 103, 103),
(37, 104, 104),
(38, 151, 151),
(39, 152, 152),
(40, 153, 153),
(41, 154, 154),
(42, 155, 155),
(43, 156, 156),
(44, 157, 157),
(45, 158, 158),
(46, 159, 159),
(47, 160, 160),
(48, 161, 161),
(49, 164, 164),
(50, 165, 165),
(51, 166, 166),
(52, 167, 167),
(53, 170, 170),
(54, 171, 171),
(55, 172, 172),
(56, 173, 173),
(57, 174, 174),
(58, 175, 175),
(59, 176, 176),
(60, 177, 177),
(61, 178, 178),
(62, 179, 179),
(63, 180, 180),
(64, 181, 181),
(65, 182, 182),
(66, 183, 183),
(67, 184, 184),
(68, 185, 185),
(69, 186, 186),
(70, 187, 187),
(71, 188, 188),
(72, 189, 189),
(73, 195, 195),
(74, 196, 196),
(75, 200, 200),
(76, 201, 201),
(77, 205, 205),
(78, 206, 206),
(79, 207, 207),
(80, 209, 209),
(81, 210, 210),
(82, 212, 212),
(83, 214, 214),
(84, 215, 215),
(85, 236, 236),
(86, 237, 237),
(87, 238, 238),
(88, 239, 239),
(89, 240, 240),
(90, 241, 241),
(91, 242, 242),
(92, 243, 243),
(93, 244, 244),
(94, 245, 245),
(95, 246, 246),
(96, 247, 247),
(97, 248, 248),
(98, 254, 254),
(99, 255, 255),
(100, 256, 256),
(101, 257, 257),
(102, 258, 258),
(103, 260, 260),
(104, 261, 261),
(105, 270, 270),
(106, 271, 271),
(107, 272, 272),
(108, 275, 275),
(109, 276, 276),
(110, 277, 277),
(111, 278, 278),
(112, 279, 279),
(113, 280, 280),
(114, 283, 283),
(115, 284, 284),
(116, 285, 285),
(117, 286, 286),
(118, 290, 290),
(119, 291, 291),
(120, 292, 292),
(121, 293, 293),
(122, 294, 294),
(123, 295, 295),
(124, 298, 298),
(125, 299, 299),
(126, 309, 309),
(127, 310, 310),
(128, 317, 317),
(129, 319, 319),
(130, 322, 322),
(131, 348, 348),
(132, 359, 359),
(133, 360, 360),
(134, 361, 361),
(135, 372, 372),
(136, 385, 385),
(137, 386, 386),
(138, 387, 387),
(139, 396, 396),
(140, 397, 397),
(141, 398, 398),
(142, 399, 399),
(143, 400, 400),
(144, 412, 412),
(145, 413, 413),
(146, 414, 414),
(147, 415, 415),
(148, 416, 416),
(149, 427, 427),
(150, 428, 428),
(151, 434, 434),
(152, 436, 436),
(153, 439, 439),
(154, 440, 440),
(155, 441, 441),
(156, 442, 442),
(157, 443, 443),
(158, 444, 444),
(159, 445, 445),
(160, 446, 446),
(161, 447, 447),
(162, 448, 448),
(163, 449, 449),
(164, 450, 450),
(165, 451, 451),
(166, 452, 452),
(167, 453, 453),
(168, 454, 454),
(169, 455, 455),
(170, 456, 456),
(171, 457, 457),
(172, 458, 458),
(173, 459, 459),
(174, 460, 460),
(175, 496, 496),
(176, 497, 497),
(177, 498, 498),
(178, 499, 499),
(179, 500, 500),
(180, 501, 501),
(181, 502, 502),
(182, 518, 518),
(183, 519, 519),
(184, 520, 520),
(185, 521, 521),
(186, 522, 522),
(187, 523, 523),
(188, 524, 524),
(189, 525, 525),
(190, 526, 526),
(191, 527, 527),
(192, 536, 536),
(193, 537, 537),
(194, 538, 538),
(195, 539, 539),
(196, 540, 540),
(197, 541, 541),
(198, 542, 542),
(199, 543, 543),
(200, 544, 544),
(201, 545, 545),
(202, 552, 552),
(203, 553, 553),
(204, 554, 554),
(205, 555, 555),
(206, 556, 556),
(207, 557, 557),
(208, 558, 558),
(209, 559, 559),
(210, 560, 560),
(211, 561, 561),
(212, 562, 562),
(213, 563, 563),
(214, 564, 564),
(215, 565, 565),
(216, 566, 566),
(217, 567, 567),
(218, 568, 568),
(219, 569, 569),
(220, 570, 570),
(221, 571, 571),
(222, 572, 572),
(223, 573, 573),
(224, 578, 578),
(225, 581, 581),
(226, 591, 591),
(227, 592, 592),
(228, 593, 593),
(229, 597, 597),
(230, 598, 598),
(231, 599, 599),
(232, 602, 602),
(233, 611, 611),
(234, 612, 612),
(235, 613, 613),
(236, 615, 615),
(237, 616, 616),
(238, 617, 617),
(239, 618, 618),
(240, 619, 619),
(241, 620, 620),
(242, 621, 621),
(243, 622, 622),
(244, 623, 623),
(245, 624, 624),
(246, 625, 625),
(247, 626, 626),
(248, 627, 627),
(249, 628, 628),
(250, 629, 629),
(251, 630, 630),
(252, 631, 631),
(253, 632, 632),
(254, 633, 633),
(255, 634, 634),
(256, 635, 635),
(257, 636, 636),
(258, 637, 637),
(259, 638, 638),
(260, 639, 639),
(261, 640, 640),
(262, 641, 641),
(263, 645, 645),
(264, 646, 646),
(265, 684, 684),
(266, 685, 685),
(267, 686, 686),
(268, 687, 687),
(269, 688, 688),
(270, 689, 689),
(271, 690, 690),
(272, 697, 697),
(273, 698, 698),
(274, 699, 699);

-- --------------------------------------------------------

--
-- Table structure for table `asis`
--

CREATE TABLE `asis` (
  `id` int(11) NOT NULL,
  `name_asis` varchar(45) DEFAULT NULL
) ENGINE=InnoDB DEFAULT CHARSET=utf8;

--
-- Dumping data for table `asis`
--

INSERT INTO `asis` (`id`, `name_asis`) VALUES
(0, 'ยังไม่ระบุ'),
(1, 'Manual Process : ยังไม่มีระบบ'),
(2, 'Digitization : ยกระดับระบบ');

-- --------------------------------------------------------

--
-- Table structure for table `budget`
--

CREATE TABLE `budget` (
  `id` int(11) NOT NULL,
  `name_budget` varchar(45) DEFAULT NULL
) ENGINE=InnoDB DEFAULT CHARSET=utf8;

--
-- Dumping data for table `budget`
--

INSERT INTO `budget` (`id`, `name_budget`) VALUES
(0, 'ยังไม่ระบุ'),
(1, 'มีงบจ้าง Outsource'),
(2, 'ไม่มีงบขอใช้ IT Develop');

-- --------------------------------------------------------

--
-- Table structure for table `coding`
--

CREATE TABLE `coding` (
  `id` int(11) NOT NULL,
  `link_coding` varchar(200) DEFAULT NULL,
  `excute_id` int(11) DEFAULT NULL
) ENGINE=InnoDB DEFAULT CHARSET=utf8;

--
-- Dumping data for table `coding`
--

INSERT INTO `coding` (`id`, `link_coding`, `excute_id`) VALUES
(5, 'wwwwwwe', 28);

-- --------------------------------------------------------

--
-- Table structure for table `company`
--

CREATE TABLE `company` (
  `id` int(11) NOT NULL,
  `name_company` varchar(100) DEFAULT NULL
) ENGINE=InnoDB DEFAULT CHARSET=utf8;

--
-- Dumping data for table `company`
--

INSERT INTO `company` (`id`, `name_company`) VALUES
(1, 'บริษัท ปูนซิเมนต์ไทย (ทุ่งสง) จำกัด');

-- --------------------------------------------------------

--
-- Table structure for table `confirmprototype`
--

CREATE TABLE `confirmprototype` (
  `id` int(11) NOT NULL,
  `email_confirmprototype` varchar(45) DEFAULT NULL,
  `topic_confirmprototype` varchar(45) DEFAULT NULL,
  `detail_confirmprototype` varchar(300) DEFAULT NULL,
  `prototype_id` int(11) DEFAULT NULL
) ENGINE=InnoDB DEFAULT CHARSET=utf8;

--
-- Dumping data for table `confirmprototype`
--

INSERT INTO `confirmprototype` (`id`, `email_confirmprototype`, `topic_confirmprototype`, `detail_confirmprototype`, `prototype_id`) VALUES
(16, 'sgame115500@gmail.com', 'test', 'eeee', 31);

-- --------------------------------------------------------

--
-- Table structure for table `department`
--

CREATE TABLE `department` (
  `id` int(11) NOT NULL,
  `name_department` varchar(100) DEFAULT NULL
) ENGINE=InnoDB DEFAULT CHARSET=utf8;

--
-- Dumping data for table `department`
--

INSERT INTO `department` (`id`, `name_department`) VALUES
(0, ''),
(1, 'Center of Excellence'),
(2, 'CSC กระบี่'),
(3, 'CSC นครศรีธรรมราช'),
(4, 'CSC ภูเก็ต'),
(5, 'CSC สงขลา'),
(6, 'CSC สุราษฎร์ธานี'),
(7, 'Data Driven'),
(8, 'Ecosystem and Facility Management'),
(9, 'Environmental Social and Governance'),
(10, 'License to Operate and Permit'),
(11, 'Lower Area'),
(12, 'MEP Modular'),
(13, 'Mining & Green Circularity - TS'),
(14, 'MRO - TS'),
(15, 'Operations'),
(16, 'People Capability and Culture'),
(17, 'People Culture and Engagement'),
(18, 'People Management'),
(19, 'Reliability Center'),
(20, 'Smart Maintenance Solution'),
(21, 'Smart TP²M'),
(22, 'Strategic Planning');

-- --------------------------------------------------------

--
-- Table structure for table `deploy`
--

CREATE TABLE `deploy` (
  `id` int(11) NOT NULL,
  `email_deploy` varchar(45) DEFAULT NULL,
  `topic_deploy` varchar(45) DEFAULT NULL,
  `detail_deploy` varchar(45) DEFAULT NULL,
  `Architect_id` int(11) DEFAULT NULL
) ENGINE=InnoDB DEFAULT CHARSET=utf8;

-- --------------------------------------------------------

--
-- Table structure for table `detail`
--

CREATE TABLE `detail` (
  `id` int(11) NOT NULL,
  `codeuser_detail` varchar(100) DEFAULT NULL,
  `firstname_detail` varchar(100) DEFAULT NULL,
  `lastname_detail` varchar(100) DEFAULT NULL,
  `email_detail` varchar(100) DEFAULT NULL,
  `Tel_detail` varchar(45) DEFAULT NULL,
  `company_id` int(11) DEFAULT NULL,
  `position_id` int(11) DEFAULT NULL,
  `section_id` int(11) DEFAULT NULL,
  `department_id` int(11) DEFAULT NULL,
  `division_id` int(11) DEFAULT NULL
) ENGINE=InnoDB DEFAULT CHARSET=utf8;

--
-- Dumping data for table `detail`
--

INSERT INTO `detail` (`id`, `codeuser_detail`, `firstname_detail`, `lastname_detail`, `email_detail`, `Tel_detail`, `company_id`, `position_id`, `section_id`, `department_id`, `division_id`) VALUES
(1, '0150-019587', 'พัชรินทร์', 'ปัญญาส่าน', 'PATCHAPA@SCG.COM', '0922508662', 1, 1, 0, 14, 8),
(2, '0150-021831', 'สุชาติ', 'เครือแต้', 'SUCHARKR@SCG.COM', '0880883071', 1, 2, 0, 2, 6),
(3, '0150-021909', 'จิรนุช', 'ยอดระบำ', 'CHIRANUN@SCG.COM', '0831693039', 1, 2, 0, 3, 5),
(4, '0150-021906', 'จารุวรรณ', 'แซ่เจีย', 'JARUWSAE@SCG.COM', '0831693033', 1, 2, 0, 4, 5),
(5, '0150-021963', 'ธรรญธร', 'มณี', 'THANYATM@SCG.COM', '0847003493', 1, 2, 0, 5, 5),
(6, '0150-021910', 'วาสนา', 'จารย์สูงเนิน', 'WATSANAJ@SCG.COM', '0831693427', 1, 2, 0, 6, 6),
(7, '0150-022073', 'สมยศ', 'กลิ่นหอม', 'SOMYOKL@SCG.COM', '0984722910', 1, 3, 0, 22, 12),
(8, '0150-022072', 'พิริรัฐ', 'ดำละเอียด', 'PIRIRUTD@SCG.COM', '0817601445', 1, 4, 0, 22, 12),
(9, '0150-022087', 'เจริญมั่น', 'เฉลียวเกรียงไกร', 'CHAROECH@SCG.COM', '0819199803', 1, 4, 0, 22, 12),
(10, '0150-022074', 'วรยุทธ', 'เนตรงาม', 'VORAYUTN@SCG.COM', '0982514692', 1, 4, 0, 0, 14),
(11, '0150-021734', 'วรวิทย์', 'จันทรพูน', 'WORAWITJ@SCG.COM', '0815365956', 1, 5, 0, 11, 12),
(12, '0150-021877', 'สรรชัย', 'ช่วยมั่ง', 'SANCHAIC@SCG.COM', '0818979848', 1, 6, 0, 11, 12),
(13, '0150-021743', 'จารึก', 'ขวัญเกื้อ', 'JARUEKKH@SCG.COM', '0980611038', 1, 7, 0, 11, 12),
(14, '0150-021748', 'ศรัณยู', 'เดชวัฒน์', 'SARUNYUD@SCG.COM', '0835026376', 1, 7, 0, 11, 12),
(15, '0150-021797', 'วีระศักดิ์', 'เดชะคำภู', 'WIRASADE@SCG.COM', '0808876368', 1, 7, 0, 11, 12),
(16, '0150-021737', 'ไพรัตน์', 'นุ่นนุ่ม', 'PHAIRANU@SCG.COM', '0869671193', 1, 8, 0, 11, 12),
(17, '0150-021749', 'กิตติ', 'อับดุลเลาะ', 'KITTIABD@SCG.COM', '0870515090', 1, 8, 0, 11, 12),
(18, '0150-020205', 'อานนท์', 'บุญชู', 'ARNONB@SCG.COM', '0895878003', 1, 9, 0, 21, 2),
(19, '0150-020594', 'เทวฤทธิ์', 'ฤทธิชัย', 'TAVARITR@SCG.COM', '0827764448', 1, 9, 0, 21, 2),
(20, '0150-020686', 'ศราวุธ', 'ทองคำชุม', 'SARAVTON@SCG.COM', '0838048391', 1, 9, 0, 21, 2),
(21, '0150-020927', 'ไชยยงค์', 'ชูชาติ', 'CHAIYONC@SCG.COM', '0836906692', 1, 9, 0, 21, 2),
(22, '0150-021616', 'ณัฐพล', 'โต๊ะยี', 'NATAPOTO@SCG.COM', '0836439708', 1, 9, 0, 21, 2),
(23, '0150-021667', 'ภานุวัฒน์', 'ช่วยบุญชู', 'PANUWACH@SCG.COM', '0892405241', 1, 9, 0, 21, 2),
(24, '0150-019559', 'วีระศักดิ์', 'รัตนา', 'WEERASRA@SCG.COM', '0872778456', 1, 9, 0, 21, 2),
(25, '0150-021940', 'กิตติเชษฐ์', 'รัตนสมบูรณ์', 'KITTICRA@SCG.COM', '0950354190', 1, 10, 0, 21, 2),
(26, '0150-015177', 'สมพร', 'อัมภรัตน์', 'SOMPORNU@SCG.COM', '0910433447', 1, 10, 0, 21, 2),
(27, '0150-015842', 'เกรียงไกร', 'คุณโลก', 'KREANGKK@SCG.COM', '0918258976', 1, 10, 0, 21, 2),
(28, '0150-018564', 'วินัย', 'แสงแก้ว', 'VINSAN@SCG.COM', '0897240995', 1, 10, 0, 21, 2),
(29, '0150-019505', 'พัฒนเกียรติ', 'ทุ่มเกิด', 'PUTANAKT@SCG.COM', '0946761229', 1, 10, 0, 21, 2),
(30, '0150-021872', 'สันติพงศ์', 'บัวแก้ว', 'SANTIPOB@SCG.COM', '0812702686', 1, 11, 0, 11, 12),
(31, '0150-021873', 'บุญศิริ', 'จุทอง', 'BOONSIRJ@SCG.COM', '0880025218', 1, 11, 0, 11, 12),
(32, '0150-020421', 'สมรักษ์', 'บัวจันทร์', 'SOMRAKB@SCG.COM', '0862731493', 1, 12, 0, 0, 1),
(33, '0150-021710', 'อนันต์ทิวัฒน์', 'แหวนวงษ์', 'ANANTHIW@SCG.COM', '0859931603', 1, 13, 0, 0, 1),
(34, '0150-021604', 'ลิขิต', 'เผดิมผล', 'LIKITP@SCG.COM', '0819682563', 1, 14, 0, 0, 1),
(35, '0150-021933', 'ภิญญาพัชญ์', 'เลื่อนแป้น', 'PHINYAPL@SCG.COM', '0800692366', 1, 14, 0, 0, 1),
(36, '0150-018592', 'ประสิทธิ์', 'หีดเล็ก', 'PRASIHE@SCG.COM', '0856918861', 1, 14, 0, 0, 1),
(37, '0150-020901', 'จินดาวัลย์', 'จินดาวัฒนพงศ์', 'JINDAWAJ@SCG.COM', '0621856553', 1, 15, 0, 0, 1),
(38, '0150-020490', 'สุชัญญ์ญา', 'นาทอง', 'SUCHANTR@SCG.COM', '0631478551', 1, 15, 0, 0, 1),
(39, '0150-023177', 'กษมา', 'รัตนอุบล', 'KASAMAR@SCG.COM', '0816416667', 1, 15, 0, 0, 1),
(40, '0150-021941', 'ชัยยุทธ', 'ไพฑูรย์', 'CHAIYOOP@SCG.COM', '0817359178', 1, 16, 0, 0, 2),
(41, '0150-022066', 'ศุภกิจ', 'ภู่เจริญศิลป์', 'SUPAGITP@SCG.COM', '0817545102', 1, 17, 0, 0, 3),
(42, '0150-022075', 'บรรจง', 'วิทยถาวรวงศ์', 'BANJONGW@SCG.COM', '0818759398', 1, 18, 0, 1, 3),
(43, '0150-016440', 'วิเชษฐ์', 'ชูเชื้อ', 'WICHETC@SCG.COM', '', 1, 19, 0, 0, 0),
(44, '0150-021927', 'ณัชพล', 'บรรดา', 'NATCHABA@SCG.COM', '0875359629', 1, 20, 0, 0, 4),
(45, '0150-021948', 'วรวิทย์', 'เกลี้ยงเกิด', 'WORAWIKL@SCG.COM', '0639193989', 1, 20, 0, 0, 4),
(46, '0150-018788', 'อนุชา', 'แก้วบรรจง', 'ANUCHKA@SCG.COM', '0894735912', 1, 21, 0, 15, 2),
(47, '0150-021346', 'บัณฑิต', 'เกิดขุมทอง', 'BUNDITKE@SCG.COM', '0936582828', 1, 22, 0, 15, 2),
(48, '0150-020573', 'ชาญยุทธ', 'แก้วใจจง', 'CHANYUTK@SCG.COM', '0848894057', 1, 22, 0, 15, 2),
(49, '0150-020575', 'ธวัช', 'บุญแก้วจัน', 'TAWUDBOO@SCG.COM', '0841174193', 1, 22, 0, 15, 2),
(50, '0150-020684', 'ปิติภาคย์', 'บุตรโท', 'PITHIPAB@SCG.COM', '0945793444', 1, 22, 0, 15, 2),
(51, '0150-020765', 'เอกชัย', 'เหล่าเทียนชัย', 'AKKCHRIL@SCG.COM', '0950281713', 1, 22, 0, 15, 2),
(52, '0150-020917', 'ประพันธ์', 'สืบสาย', 'PRAPHUSU@SCG.COM', '0828189761', 1, 22, 0, 15, 2),
(53, '0150-020919', 'เสกสรรค์', 'หนูเสน', 'SAEKSUNN@SCG.COM', '0831021298', 1, 22, 0, 15, 2),
(54, '0150-020924', 'ภาณุวัฒน์', 'จันทรกุล', 'PANUWATJ@SCG.COM', '0831849773', 1, 22, 0, 15, 2),
(55, '0150-020926', 'วรากร', 'ยูงทอง', 'WARAKORY@SCG.COM', '0874711591', 1, 22, 0, 15, 2),
(56, '0150-021163', 'ศุภักษร', 'อำพะวัน', 'SUPAKSOA@SCG.COM', '0945761073', 1, 22, 0, 15, 2),
(57, '0150-021194', 'วราวุฒิ', 'ศตะกูรมะ', 'WARAWUSA@SCG.COM', '0909298072', 1, 22, 0, 15, 2),
(58, '0150-017639', 'เทียนชัย', 'ดีชู', 'TEANCHAD@SCG.COM', '0892051400', 1, 22, 0, 15, 2),
(59, '0150-019037', 'พสิษฐ์', 'เส้งสุย', 'PASITS@SCG.COM', '0840627157', 1, 22, 0, 15, 2),
(60, '0150-019468', 'ศิริวัฒน์', 'นพรัตน์', 'SIRIWATN@SCG.COM', '0877085304', 1, 22, 0, 15, 2),
(61, '0150-019552', 'อัมรินทร์', 'หลังหลี', 'AMMARINH@SCG.COM', '0874842915', 1, 22, 0, 15, 2),
(62, '0150-020506', 'วีระพงศ์', 'ดำด้วง', 'WEERAPOD@SCG.COM', '0868025804', 1, 23, 0, 15, 2),
(63, '0150-020498', 'สุรชัย', 'นกทวี', 'SURACNOG@SCG.COM', '0878932546', 1, 23, 0, 15, 2),
(64, '0150-020576', 'บุญมาก', 'สว่างรัตน์', 'BOONMAKS@SCG.COM', '0812762738', 1, 23, 0, 15, 2),
(65, '0150-020768', 'พชร', 'ทวีวงศ์', 'PACHARTA@SCG.COM', '0894685472', 1, 23, 0, 15, 2),
(66, '0150-020769', 'อภิวัฒน์', 'สุขพันธ์', 'APIWATSU@SCG.COM', '0858839629', 1, 23, 0, 15, 2),
(67, '0150-020837', 'คำรณ', 'ครองรักษ์', 'KUMRONKR@SCG.COM', '0898162723', 1, 23, 0, 15, 2),
(68, '0150-020929', 'วิทวัส', 'บูรณ์พงษ์ทอง', 'WITTAWBO@SCG.COM', '0807198446', 1, 23, 0, 15, 2),
(69, '0150-020920', 'วีระพงษ์', 'สังข์แก้ว', 'VEERAPSA@SCG.COM', '0828103897', 1, 23, 0, 15, 2),
(70, '0150-020948', 'จิระวุฒิ', 'พรหมนิมิตร์', 'JIRAWOOP@SCG.COM', '0817579297', 1, 23, 0, 15, 2),
(71, '0150-021164', 'มานิช', 'แสงวิมาน', 'MANITSAN@SCG.COM', '0937935495', 1, 23, 0, 15, 2),
(72, '0150-021167', 'กิตติพงษ์', 'ทองมี', 'KITTIPTO@SCG.COM', '0937152523', 1, 23, 0, 15, 2),
(73, '0150-021659', 'สมชาย', 'เสาร์นา', 'SOMCHSAO@SCG.COM', '', 1, 23, 0, 15, 2),
(74, '0150-018699', 'สมรักษ์', 'แก้วเซ่ง', 'SOMRAKK@SCG.COM', '0817372733', 1, 23, 0, 15, 2),
(75, '0150-018797', 'โสภณ', 'เมืองไทย', 'SOPONM@SCG.COM', '0810837130', 1, 23, 0, 15, 2),
(76, '0150-020562', 'กวี', 'เดิมทำรัมย์', 'KAWEED@SCG.COM', '0834945439', 1, 24, 0, 15, 2),
(77, '0150-020459', 'ศราวุธ', 'กิ้มเฉี้ยง', 'SARAWOUK@SCG.COM', '0857872978', 1, 24, 0, 15, 2),
(78, '0150-020499', 'วรพจน์', 'เชาวน์ชะตา', 'WORAPOTC@SCG.COM', '0862749688', 1, 24, 0, 15, 2),
(79, '0150-020574', 'สุวารินทร์', 'กิจวิจารณ์', 'SUWARINK@SCG.COM', '0937386519', 1, 24, 0, 15, 2),
(80, '0150-020921', 'อนุรักษ์', 'วิมล', 'ANURAWIM@SCG.COM', '0873840425', 1, 24, 0, 15, 2),
(81, '0150-021171', 'ไพศาล', 'รามจันทร์', 'PAISANRA@SCG.COM', '0937713461', 1, 24, 0, 15, 2),
(82, '0150-021172', 'บพิตร', 'เกตุสุริยงค์', 'BORPITKA@SCG.COM', '0935847903', 1, 24, 0, 15, 2),
(83, '0150-021175', 'ภักดี', 'สุดสาย', 'PAKDEESU@SCG.COM', '0833931485', 1, 24, 0, 15, 2),
(84, '0150-018199', 'สุพจน์', 'มหาสุข', 'SUPHOMA@SCG.COM', '0865163063', 1, 24, 0, 15, 2),
(85, '0150-018712', 'วิญญู', 'พักตร์จันทร์', 'WINYUP@SCG.COM', '0887605897', 1, 24, 0, 15, 2),
(86, '0150-019467', 'เด่น', 'เลขะผล', 'DENL@SCG.COM', '0800408281', 1, 24, 0, 15, 2),
(87, '0150-019534', 'เกียรติศักดิ์', 'ทองทิพย์', 'KAITTIST@SCG.COM', '0617123158', 1, 24, 0, 15, 2),
(88, '0150-019641', 'พิสิฐ', 'นาคจินดา', 'PISITN@SCG.COM', '0817977593', 1, 24, 0, 15, 2),
(89, '0150-019512', 'ณรงค์', 'ลาภจุติ', 'NARONGLA@SCG.COM', '0862661593', 1, 25, 0, 15, 2),
(90, '0150-019465', 'สิทธิชัย', 'หนูทิม', 'SITTICNO@SCG.COM', '0839844498', 1, 26, 0, 15, 2),
(91, '0150-019426', 'บรรพต', 'เพชรชนะ', 'BANPOPE@SCG.COM', '0897262697', 1, 27, 0, 15, 2),
(92, '0150-022067', 'ทัศนีย์', 'สังข์นาค', 'TATSANSA@SCG.COM', '0999642404', 1, 28, 0, 0, 3),
(93, '0150-019673', 'เจตร', 'กัญจนกาญจน์', 'JATEG@SCG.COM', '0812731760', 1, 29, 0, 19, 8),
(94, '0150-020206', 'ญาณพงศ์', 'ตู้เซ่ง', 'YANNAPHT@SCG.COM', '0815998054', 1, 30, 0, 19, 8),
(95, '0150-021427', 'ภานุ', 'จิตตะปาโณ', 'PANUJITT@SCG.COM', '0894639155', 1, 30, 0, 19, 8),
(96, '0150-021628', 'ภวัต', 'ทองเนื้อเก้า', 'PHAWATTH@SCG.COM', '0937690920', 1, 31, 0, 0, 4),
(97, '0150-021931', 'ประชา', 'อุ่นใจชน', 'PRACHAO@SCG.COM', '0922234390', 1, 32, 0, 0, 5),
(98, '0150-021726', 'จตุพร', 'สาเมือง', 'JATUPORS@SCG.COM', '0897791562', 1, 33, 0, 0, 6),
(99, '0150-021728', 'กำพล', 'จิรายุเจริญศักดิ์', 'KUMPONJ@SCG.COM', '0898965297', 1, 34, 0, 2, 6),
(100, '0150-021729', 'อภิรัตน์', 'ลีลาพฤทธิ์', 'APIRATL@SCG.COM', '0898730437', 1, 35, 0, 4, 5),
(101, '0150-021932', 'มนต์ธิชา', 'คำเมือง', 'MONTICHK@SCG.COM', '0863805678', 1, 36, 0, 5, 5),
(102, '0150-021800', 'ณัฐพล', 'สุริยันต์', 'NUTTAPHS@SCG.COM', '0898105635', 1, 37, 0, 4, 5),
(103, '0150-021724', 'พรเลิศ', 'อู่สินสกุล', 'PRONLERU@SCG.COM', '0619535922', 1, 37, 0, 6, 6),
(104, '0150-017599', 'ภิญโญ', 'ศรีวิเชียร', 'PINYOS@SCG.COM', '0862836164', 1, 38, 0, 15, 2),
(105, '0150-020500', 'อภิเชษฐ์', 'ทองพรหม', 'APICHTON@SCG.COM', '0937170630', 1, 39, 0, 15, 2),
(106, '0150-020625', 'สรร', 'ภูจิตรพันธ์', 'TEERAPOJ@SCG.COM', '0831959682', 1, 39, 0, 15, 2),
(107, '0150-020766', 'ธีรวุฒิ', 'ชูสุก', 'TEERAWUC@SCG.COM', '0836340234', 1, 39, 0, 15, 2),
(108, '0150-020922', 'อนุพงศ์', 'จิตราวุธ', 'ANUPONJI@SCG.COM', '0855804412', 1, 39, 0, 15, 2),
(109, '0150-020923', 'ณัตธีร์', 'ณพงศ์ภูสิทธิ', 'NATTEENA@SCG.COM', '0899764563', 1, 39, 0, 15, 2),
(110, '0150-020925', 'พงศ์พิสุทธิ์', 'ขลิบเงิน', 'PONGPISK@SCG.COM', '0887848748', 1, 39, 0, 15, 2),
(111, '0150-021173', 'สุรวัฒน์', 'ลีลารุจนกุล', 'SURAWATL@SCG.COM', '0824372578', 1, 39, 0, 15, 2),
(112, '0150-021185', 'ธนพงศ์', 'สุขจันทร์', 'THANAPSU@SCG.COM', '0937142599', 1, 39, 0, 15, 2),
(113, '0150-021430', 'เจษฎา', 'รัตนานุกูล', 'JETSADRA@SCG.COM', '0897354278', 1, 39, 0, 15, 2),
(114, '0150-021615', 'อลงกรณ์', 'ทองรักษ์', 'ALONGKTH@SCG.COM', '0937163095', 1, 39, 0, 15, 2),
(115, '0150-021633', 'เฉลิมชัย', 'รอดชะนะ', 'CHALOERO@SCG.COM', '0876519443', 1, 39, 0, 15, 2),
(116, '0150-018636', 'เด่นชัย', 'ไกรเทพ', 'DENCHAKR@SCG.COM', '0831726214', 1, 39, 0, 15, 2),
(117, '0150-019508', 'ธีระศักดิ์', 'บุญทรง', 'THIRASAB@SCG.COM', '0857877945', 1, 39, 0, 15, 2),
(118, '0150-020714', 'ชาญณรงค์', 'เกิดขุมทอง', 'CHANNAKE@SCG.COM', '0814795878', 1, 40, 0, 15, 2),
(119, '0150-020455', 'อนุชิต', 'ไชยสิทธิ์', 'ANUCHICH@SCG.COM', '0937837571', 1, 40, 0, 15, 2),
(120, '0150-020577', 'อรรถพล', 'สูงสุด', 'AUDTAPOS@SCG.COM', '0910340994', 1, 40, 0, 15, 2),
(121, '0150-020622', 'ธารา', 'นามปัญญา', 'TARANAMP@SCG.COM', '0822671132', 1, 40, 0, 15, 2),
(122, '0150-020669', 'บัลหยา', 'หมัดอะดั้ม', 'BANYAMAD@SCG.COM', '0635927767', 1, 40, 0, 15, 2),
(123, '0150-020670', 'มนูญ', 'ดูระนิตย์', 'MANOONDU@SCG.COM', '0904923326', 1, 40, 0, 15, 2),
(124, '0150-020687', 'เถลิงเกียรติ', 'สาวีกุลจงรักษ์', 'THALEUNS@SCG.COM', '0828026271', 1, 40, 0, 15, 2),
(125, '0150-020835', 'ภาณุพันธุ์', 'ดวงมณี', 'PANUPAND@SCG.COM', '0917133393', 1, 40, 0, 15, 2),
(126, '0150-021165', 'ศักดิ์ดา', 'ธรรมขัน', 'SAKDATAM@SCG.COM', '0980285843', 1, 40, 0, 15, 2),
(127, '0150-017819', 'ณฐพงศ์', 'หมื่นละม้าย', 'NATHAPMU@SCG.COM', '0987038192', 1, 40, 0, 15, 2),
(128, '0150-018589', 'พิเชษฐ์', 'เทพสุวรรณ', 'PICHETA@SCG.COM', '0899708917', 1, 40, 0, 15, 2),
(129, '0150-018639', 'ธีระ', 'ราบบำเพิง', 'TEERAR@SCG.COM', '0810882236', 1, 40, 0, 15, 2),
(130, '0150-018858', 'วรรนพ', 'ดิษฐ์คล้าย', 'WUNNOPD@SCG.COM', '0817194606', 1, 40, 0, 15, 2),
(131, '0150-019245', 'อนุสรณ์', 'สังข์ดวง', 'ANUSORSO@SCG.COM', '0895877025', 1, 40, 0, 15, 2),
(132, '0150-019351', 'สุวิทย์', 'มัจฉาเชี่ยว', 'SUWITMU@SCG.COM', '0801438695', 1, 40, 0, 15, 2),
(133, '0150-020938', 'เสถียรพงษ์', 'คงทอง', 'SATEANPK@SCG.COM', '0801424675', 1, 41, 0, 15, 2),
(134, '0150-021669', 'เอกรัตน์', 'สุวรรณวัฒน์', 'EKARATS@SCG.COM', '0810888211', 1, 41, 0, 15, 2),
(135, '0150-021670', 'วิทยา', 'เมฆฉาย', 'WITHAYAM@SCG.COM', '0884439223', 1, 41, 0, 15, 2),
(136, '0150-021671', 'สิริชัย', 'ทองหนู', 'SIRICHAT@SCG.COM', '0872996770', 1, 41, 0, 15, 2),
(137, '0150-021672', 'สุธน', 'นาคพันธ์', 'SUTHONA@SCG.COM', '0857974533', 1, 41, 0, 15, 2),
(138, '0150-021675', 'วันเฉลิม', 'จินนุกูล', 'WANCHALJ@SCG.COM', '0966362841', 1, 41, 0, 15, 2),
(139, '0150-021680', 'บดีธิษณ์', 'กุลนิล', 'WISSANUK@SCG.COM', '0858923513', 1, 41, 0, 15, 2),
(140, '0150-021681', 'วรกร', 'พรหมทัตโต', 'WORAKORP@SCG.COM', '0869664876', 1, 41, 0, 15, 2),
(141, '0150-021684', 'นภดล', 'ดาวกระจาย', 'NOPPADDO@SCG.COM', '0836397421', 1, 41, 0, 15, 2),
(142, '0150-021685', 'ปิยะชัย', 'วงษ์บุดดา', 'PIYACHAW@SCG.COM', '0836063925', 1, 41, 0, 15, 2),
(143, '0150-020496', 'วีรชาติ', 'งามเพียร', 'WEERACHN@SCG.COM', '0918266860', 1, 42, 0, 15, 2),
(144, '0150-020685', 'ก้าน', 'สิทธิวงศ์', 'KARNSITT@SCG.COM', '0887611461', 1, 42, 0, 15, 2),
(145, '0150-020763', 'จักรพันธ์', 'จินดวง', 'JAKKAPAJ@SCG.COM', '0825390205', 1, 42, 0, 15, 2),
(146, '0150-020771', 'สุริยา', 'สุวรรณปักขิน', 'SURIYSUW@SCG.COM', '0612022689', 1, 42, 0, 15, 2),
(147, '0150-020820', 'นิพลชัย', 'บุญสนอง', 'NIPONCHB@SCG.COM', '0968808446', 1, 42, 0, 15, 2),
(148, '0150-020836', 'มรกต', 'บุญถนอม', 'MORAGOTB@SCG.COM', '0887606754', 1, 42, 0, 15, 2),
(149, '0150-021652', 'ฉัตรชัย', 'แขกเทพ', 'CHUTCHKH@SCG.COM', '0847124601', 1, 42, 0, 15, 2),
(150, '0150-021668', 'ธีรศักดิ์', 'พลศร', 'TEERAPOL@SCG.COM', '0844452923', 1, 42, 0, 15, 2),
(151, '0150-019470', 'สัมฤทธิ์', 'รอดตัว', 'SAMRITR@SCG.COM', '0866909764', 1, 43, 0, 15, 2),
(152, '0150-019462', 'ไพโรจน์', 'แซ่ลิ่ว', 'PHAIROJS@SCG.COM', '0836509452', 1, 44, 0, 15, 2),
(153, '0150-017525', 'พิเชฐ', 'หม่อมปลัด', 'PICHETM@SCG.COM', '0855765568', 1, 45, 0, 15, 2),
(154, '0150-019582', 'นคร', 'กาญจนะประยูร', 'NAKOKAR@SCG.COM', '0854719003', 1, 46, 0, 15, 2),
(155, '0150-019583', 'ยงยุทธ', 'สุขอนันต์', 'YONGSUKA@SCG.COM', '0835018414', 1, 46, 0, 15, 2),
(156, '0150-021720', 'ปกาศิต', 'พึ่งรัศมี', 'PAKASITP@SCG.COM', '0817663949', 1, 47, 0, 7, 3),
(157, '0150-022069', 'ชานนท์', 'กฤตผลชัย', 'CHANONKR@SCG.COM', '0865085798', 1, 48, 0, 1, 3),
(158, '0150-014997', 'ก้องทัย', 'คุณโลก', 'KONGTAIK@SCG.COM', '0986945625', 1, 49, 0, 19, 8),
(159, '0150-013223', 'บุญยัง', 'เซี่ยงฉิน', 'BOONYOUS@SCG.COM', '0817378588', 1, 49, 0, 19, 8),
(160, '0150-015909', 'อร่ามวิทย์', 'มาสทอง', 'ARAMVITM@SCG.COM', '0926944539', 1, 49, 0, 19, 8),
(161, '0150-018673', 'ธรรมรักษ์', 'โทนาอรรถ', 'THAMMART@SCG.COM', '0817370097', 1, 49, 0, 19, 8),
(162, '0150-020774', 'สุวัฒน์', 'บุญศาสตร์', 'SUWATBUN@SCG.COM', '0910344525', 1, 50, 0, 19, 8),
(163, '0150-017523', 'อิสแนน', 'อังคะรา', 'ISNANA@SCG.COM', '0613659335', 1, 50, 0, 19, 8),
(164, '0150-020561', 'สุพรรษา', 'มูลศิริ', 'SUPANSAK@SCG.COM', '0808302771', 1, 51, 0, 7, 3),
(165, '0150-021601', 'เอกพงศ์', 'มีสุข', 'EKKAPHOM@SCG.COM', '0849629301', 1, 51, 0, 7, 3),
(166, '0150-021642', 'ภานุพงศ์', 'แสนสุวรรณา', 'PANUPSAE@SCG.COM', '0869636848', 1, 52, 0, 7, 3),
(167, '0150-021980', 'ปิยภัทร', 'ช่วยชาติ', 'PIYAPACH@SCG.COM', '0654465915', 1, 52, 0, 7, 3),
(168, '0150-020843', 'อรไท', 'อินทรพงศ์', 'ORATHKAE@SCG.COM', '0842901596', 1, 53, 0, 7, 3),
(169, '0150-021664', 'กฤติกา', 'หมัดโส๊ะ', 'KRITTIKM@SCG.COM', '0892918822', 1, 53, 0, 7, 3),
(170, '0150-019355', 'อมร', 'พลูหนัง', 'AMORPL@SCG.COM', '0840594605', 1, 54, 0, 7, 3),
(171, '0150-014472', 'วิรุจ', 'เรืองจันทร์', 'WIRUTR@SCG.COM', '0908961556', 1, 55, 0, 7, 3),
(172, '0150-021634', 'สุภาพ', 'ส่งแสง', 'SUPHSON@SCG.COM', '0907098420', 1, 55, 0, 7, 3),
(173, '0150-021644', 'เกรียงไกร', 'บุญณะชัย', 'KRIANGBU@SCG.COM', '0894721848', 1, 55, 0, 7, 3),
(174, '0150-021702', 'ชูศักดิ์', 'วัฒนธรรมธร', 'CHUSAKW@SCG.COM', '0817506872', 1, 55, 0, 7, 3),
(175, '0150-021723', 'อธิษฐาน', 'วุฒิมานพ', 'ATISTHAW@SCG.COM', '0860890465', 1, 55, 0, 7, 3),
(176, '0150-021943', 'อคิราภ์', 'สุวรรณรักษา', 'AKHIRASU@SCG.COM', '0875440516', 1, 55, 0, 7, 3),
(177, '0150-021944', 'ขวัญวดี', 'อามิตย์', 'KWANVADA@SCG.COM', '0872752990', 1, 55, 0, 7, 3),
(178, '0150-018273', 'กัมปนาท', 'เดี่ยวทิพย์สุคนธ์', 'KAMPANAD@SCG.COM', '0817879456', 1, 55, 0, 7, 3),
(179, '0150-015911', 'นิรมิต', 'สุขรัตน์', 'NIRAMITS@SCG.COM', '0815975380', 1, 55, 0, 7, 3),
(180, '0150-012508', 'นิพนธ์', 'วงศ์วิวัฒน์', 'NIPONW@SCG.COM', '0924094119', 1, 55, 0, 7, 3),
(181, '0150-013365', 'คงศักย์', 'มูลจันทะ', 'KHONGSAM@SCG.COM', '0810836565', 1, 55, 0, 7, 3),
(182, '0150-015120', 'สถาพร', 'อินทนู', 'SATAPORI@SCG.COM', '0817327769', 1, 55, 0, 7, 3),
(183, '0150-015907', 'ฉัตรชัย', 'ตันติพุฒิกุล', 'CHATTANT@SCG.COM', '0818935460', 1, 55, 0, 7, 3),
(184, '0150-016817', 'ประเสริฐ', 'จันทร์บุรีวงศ์', 'PRASERTJ@SCG.COM', '0819681284', 1, 55, 0, 7, 3),
(185, '0150-018631', 'หริรักษ์', 'อยู่พัฒน์', 'HARIRUKY@SCG.COM', '0864871253', 1, 55, 0, 7, 3),
(186, '0150-019507', 'ศักดิ์อรุณ', 'ชลสิทธิ์', 'SAKAROOC@SCG.COM', '0823659493', 1, 55, 0, 7, 3),
(187, '0150-019644', 'ราชัน', 'โหทอง', 'RACHUNH@SCG.COM', '0815831221', 1, 55, 0, 7, 3),
(188, '0150-015227', 'วิวัฒน์', 'ขะระเขื่อน', 'WIWAKA@SCG.COM', '0813704709', 1, 55, 0, 7, 3),
(189, '0150-018093', 'สวิท', 'คงทน', 'SWITK@SCG.COM', '0910408886', 1, 55, 0, 7, 3),
(190, '0150-020161', 'อนันต์', 'พรหมช่วย', 'ANAPR@SCG.COM', '0866902637', 1, 55, 0, 7, 3),
(191, '0150-020786', 'พรพิมล', 'ปลัดกอง', 'PONPIMOP@SCG.COM', '0876241153', 1, 55, 0, 7, 3),
(192, '0150-021976', 'วัชระ', 'อักษรกุล', 'WATCHAAU@SCG.COM', '0887561558', 1, 55, 0, 7, 3),
(193, '0150-018590', 'จิระศักดิ์', 'พรมแก้ว', 'JIRASPRO@SCG.COM', '0875865678', 1, 55, 0, 7, 3),
(194, '0150-018723', 'สุภโยค', 'เลขะพาศ', 'SUPAYOKE@SCG.COM', '0950153180', 1, 55, 0, 7, 3),
(195, '0150-022080', 'ประจักษ์', 'โฉมงาม', 'PRAJAKC@SCG.COM', '0816263788', 1, 56, 0, 8, 1),
(196, '0150-012998', 'บุญธรรม', 'วงษ์วิจารณ์', 'BOONTRUW@SCG.COM', '0895873955', 1, 57, 0, 8, 1),
(197, '0150-020493', 'พิชามญชุ์', 'เสนะ', 'PICHAMOL@SCG.COM', '0935813396', 1, 58, 0, 8, 1),
(198, '0150-021699', 'ทัตติยา', 'แสงเพ็ชร์', 'TADTIYAS@SCG.COM', '0843089555', 1, 58, 0, 8, 1),
(199, '0150-020207', 'สัมพันธ์', 'ผอมขำ', 'SUMPANP@SCG.COM', '0849674855', 1, 59, 0, 14, 8),
(200, '0150-019421', 'วิทยา', 'จรัสวัฒนาพรรค์', 'VITTAYAJ@SCG.COM', '0819682991', 1, 60, 0, 14, 8),
(201, '0150-018671', 'จีรศักดิ์', 'คงบุรี', 'JEERASAK@SCG.COM', '0817370299', 1, 61, 0, 14, 8),
(202, '0150-020778', 'เจริญชัย', 'สุนทรา', 'CHAROENS@SCG.COM', '0894276248', 1, 62, 0, 14, 8),
(203, '0150-019339', 'ธีรพันธ์', 'พลายชุม', 'TEERAPUP@SCG.COM', '0817370100', 1, 62, 0, 14, 8),
(204, '0150-019461', 'นิกร', 'รอดบัวทอง', 'NIKOROD@SCG.COM', '0611767878', 1, 62, 0, 14, 8),
(205, '0150-019338', 'วีระวุฒิ', 'ศรีเปารยะ', 'VERAWUTS@SCG.COM', '0817881652', 1, 63, 0, 14, 8),
(206, '0150-016714', 'ไกรศรี', 'ผาสุข', 'KRAISIP@SCG.COM', '0836917890', 1, 64, 0, 14, 8),
(207, '0150-019511', 'กฤษดา', 'หนูหอ', 'KRITSADH@SCG.COM', '0828063261', 1, 65, 0, 14, 8),
(208, '0150-020200', 'นิพนธ์', 'วัตรุจีกฤต', 'NIPOVA@SCG.COM', '0858844070', 1, 66, 0, 14, 8),
(209, '0150-018889', 'ประจักษ์', 'ชูชาติ', 'PRAJACH@SCG.COM', '0817370344', 1, 67, 0, 14, 8),
(210, '0150-015902', 'โสภณ', 'ด่านสกุล', 'SOPHOND@SCG.COM', '0622956398', 1, 68, 0, 14, 8),
(211, '0150-020477', 'คมกฤช', 'รัตนกุล', 'KHOMGRRA@SCG.COM', '0858880064', 1, 69, 0, 14, 8),
(212, '0150-021682', 'สุชาติ', 'กลิ่นพงศ์', 'SUCHAKL@SCG.COM', '0952682318', 1, 70, 0, 14, 8),
(213, '0150-020475', 'คณากร', 'สังข์ทอง', 'KHANAKOS@SCG.COM', '0800410499', 1, 71, 0, 14, 8),
(214, '0150-017521', 'กฤษฎากรณ์', 'เดชะราช', 'KRISADAD@SCG.COM', '0844483888', 1, 72, 0, 14, 8),
(215, '0150-019036', 'ประสานวิทย์', 'เทพอักษร', 'PRASARNT@SCG.COM', '0830806088', 1, 73, 0, 14, 8),
(216, '0150-020181', 'ชำนาญ', 'โชคไพศาล', 'CHAMCHOK@SCG.COM', '0862790863', 1, 74, 0, 14, 8),
(217, '0150-020474', 'ณัฐพงษ์', 'เส่งตี๋', 'NATTAPSE@SCG.COM', '0836573203', 1, 74, 0, 14, 8),
(218, '0150-020478', 'นพดล', 'พลฤทธิ์', 'NOPPPONR@SCG.COM', '0869928110', 1, 74, 0, 14, 8),
(219, '0150-020507', 'พดุง', 'ทองน้ำแก้ว', 'PADUNGT@SCG.COM', '0872808476', 1, 74, 0, 14, 8),
(220, '0150-020578', 'ศราวุธ', 'หนูสีคง', 'SARAWNOO@SCG.COM', '0867486569', 1, 74, 0, 14, 8),
(221, '0150-020579', 'โชคชัย', 'ขบวนสาร', 'CHOCKCHK@SCG.COM', '0844461890', 1, 74, 0, 14, 8),
(222, '0150-020623', 'วรุฒ', 'แนะแก้ว', 'WARUTNAE@SCG.COM', '0910434512', 1, 74, 0, 14, 8),
(223, '0150-021176', 'ศิวะ', 'สิทธิชัย', 'SIWASITI@SCG.COM', '0847487346', 1, 74, 0, 14, 8),
(224, '0150-021177', 'อภิสิทธิ์', 'นนทพันธ์', 'APISITNO@SCG.COM', '0936509712', 1, 74, 0, 14, 8),
(225, '0150-021181', 'จเร', 'บัวอนนท์', 'JARAYBUA@SCG.COM', '0824351352', 1, 74, 0, 14, 8),
(226, '0150-021440', 'สหรัฐ', 'เทศเซ็น', 'SAHARATT@SCG.COM', '0867464493', 1, 74, 0, 14, 8),
(227, '0150-021614', 'ไชยวัฒน์', 'พุทธวงศ์', 'CHAIWAPU@SCG.COM', '0888325915', 1, 74, 0, 14, 8),
(228, '0150-021627', 'ณัฐพงศ์', 'กรรเชียง', 'NATTKANC@SCG.COM', '0907104113', 1, 74, 0, 14, 8),
(229, '0150-021683', 'รณวิทย์', 'มาลาเวช', 'RONNAWIM@SCG.COM', '0987161598', 1, 74, 0, 14, 8),
(230, '0150-021686', 'มานะชัย', 'แก้วอุดม', 'MANACHKA@SCG.COM', '0986717334', 1, 74, 0, 14, 8),
(231, '0150-021700', 'พลวัฒน์', 'รัตนพันธุ์', 'PONLAWRA@SCG.COM', '0980922774', 1, 74, 0, 14, 8),
(232, '0150-018674', 'สมบูรณ์', 'เอี่ยมศรี', 'SOMBOONI@SCG.COM', '0824157789', 1, 74, 0, 14, 8),
(233, '0150-018892', 'สุธิพร', 'สิทธิเชน', 'SUTIPORS@SCG.COM', '0817198757', 1, 74, 0, 14, 8),
(234, '0150-019346', 'รัชพล', 'ปานอ่อน', 'RACHAPOP@SCG.COM', '0636121377', 1, 74, 0, 14, 8),
(235, '0150-019533', 'จตุรงค์', 'เลขาวิจิตร์', 'JATURONL@SCG.COM', '0957949452', 1, 74, 0, 14, 8),
(236, '0150-021222', 'ยุทธนา', 'เซ่งถาวร', 'YUTTANSE@SCG.COM', '0855852667', 1, 75, 0, 15, 2),
(237, '0150-021635', 'ภาณุวัฒน์', 'นฤบาล', 'PANUWNAR@SCG.COM', '0805415735', 1, 75, 0, 15, 2),
(238, '0150-021719', 'ปรเมษฏ์', 'ใจบุญ', 'PORAMESJ@SCG.COM', '0872547701', 1, 75, 0, 15, 2),
(239, '0150-021981', 'กิตติพงษ์', 'ดอกไม้ทอง', 'KITTIPOD@SCG.COM', '0939199303', 1, 75, 0, 15, 2),
(240, '0150-021974', 'อัฐวีร์', 'เจียรกุลโชค', 'AUTTAWEJ@SCG.COM', '0846306806', 1, 75, 0, 3, 5),
(241, '0150-021945', 'ณภัทร', 'รอดดำ', 'NAPATROD@SCG.COM', '0831904794', 1, 75, 0, 5, 5),
(242, '0150-021946', 'ธนธรณ์', 'จันทรตรีรัตน์', 'THANATOC@SCG.COM', '0917781040', 1, 75, 0, 2, 6),
(243, '0150-021636', 'กิตติพงศ์', 'ไพชำนาญ', 'KITTPAIC@SCG.COM', '0950408546', 1, 75, 0, 14, 8),
(244, '0150-021954', 'ฉัตริน', 'ดิษฐวิทย์', 'CHUTHARD@SCG.COM', '0849553859', 1, 75, 0, 14, 8),
(245, '0150-021979', 'เผ่าเทพ', 'เพียรทอง', 'PHAOTHEP@SCG.COM', '0858891959', 1, 75, 0, 14, 8),
(246, '0150-016818', 'สุระศักดิ์', 'ส่งแสงรัตน์', 'SURASASO@SCG.COM', '0826199288', 1, 76, 0, 9, 1),
(247, '0150-022078', 'กิตติชัย', 'ชัยวงษ์', 'KITTICHC@SCG.COM', '0632150332', 1, 77, 0, 9, 1),
(248, '0150-015057', 'สมศักดิ์', 'ชาติรักษา', 'SOMSCHA@SCG.COM', '0899094997', 1, 78, 0, 9, 1),
(249, '0150-020488', 'สมศักดิ์', 'เสนดำ', 'SOMSSEN@SCG.COM', '0895868252', 1, 79, 0, 9, 1),
(250, '0150-020675', 'ปิยมน', 'พรหมณะ', 'PIYAMONP@SCG.COM', '0801438885', 1, 79, 0, 9, 1),
(251, '0150-020676', 'พุทธภณ', 'ขวัญนุ้ย', 'PUTTAPOK@SCG.COM', '0622249413', 1, 79, 0, 9, 1),
(252, '0150-018486', 'พัฒธนา', 'ทองอุปการ', 'PATTANTH@SCG.COM', '0918461939', 1, 79, 0, 9, 1),
(253, '0150-019551', 'สุขไพศาล', 'รอดด้วง', 'SUKPISAR@SCG.COM', '0812739837', 1, 79, 0, 9, 1),
(254, '0150-021908', 'ชัยยุทธ', 'ชูกร', 'CHAIYUTC@SCG.COM', '0901978971', 1, 80, 0, 9, 1),
(255, '0150-021969', 'เกรียงไกร', 'ธรรมโกศล', 'KRIANGTH@SCG.COM', '0846997268', 1, 80, 0, 9, 1),
(256, '0150-013776', 'พงษ์พิศิฏฐ์', 'ช่วยชู', 'PONGPISC@SCG.COM', '0989359149', 1, 80, 0, 9, 1),
(257, '0150-014936', 'สมคิด', 'สิทธิเชน', 'SOMKISI@SCG.COM', '0819688817', 1, 80, 0, 9, 1),
(258, '0150-013529', 'สรศักดิ์', 'คงแก้ว', 'SORASAKO@SCG.COM', '0819681893', 1, 81, 0, 14, 8),
(259, '0150-020781', 'พงษ์สุพีร์', 'พิทักษ์เผ่า', 'PONGSUPP@SCG.COM', '0653629829', 1, 82, 0, 19, 8),
(260, '0150-015906', 'สมศักดิ์', 'ไทยสยาม', 'SOMTHAI@SCG.COM', '0857984366', 1, 83, 0, 13, 10),
(261, '0150-019422', 'จิระศักดิ์', 'ไพริน', 'JIRASAKP@SCG.COM', '0813678759', 1, 84, 0, 13, 10),
(262, '0150-020928', 'นวพล', 'รัตนพันธุ์', 'NAWAPONR@SCG.COM', '0806479758', 1, 85, 0, 13, 10),
(263, '0150-020946', 'ธนากรณ์', 'ติปยานนท์', 'THANAKOT@SCG.COM', '0996282825', 1, 85, 0, 13, 10),
(264, '0150-021169', 'จตุพล', 'รัตนะ', 'JATUPONR@SCG.COM', '0950162111', 1, 85, 0, 13, 10),
(265, '0150-021170', 'วุฒิพงศ์', 'หนูคง', 'WUTTHIPN@SCG.COM', '0907156553', 1, 85, 0, 13, 10),
(266, '0150-021190', 'อนุชา', 'จีบโจง', 'ANUCHAJE@SCG.COM', '0980103523', 1, 85, 0, 13, 10),
(267, '0150-016813', 'จิรศักดิ์', 'สุวรรณขันธ์', 'JIRASSUW@SCG.COM', '0887501318', 1, 85, 0, 13, 10),
(268, '0150-018536', 'อุทัย', 'ดาวัลย์', 'AUTHAID@SCG.COM', '0816066453', 1, 85, 0, 13, 10),
(269, '0150-018567', 'ธีระพล', 'บุรีรักษ์', 'TEERAPOB@SCG.COM', '0806614952', 1, 85, 0, 13, 10),
(270, '0150-017602', 'สุทธิศักดิ์', 'ชูดำ', 'SUTISAKC@SCG.COM', '0815395113', 1, 86, 0, 13, 10),
(271, '0150-022093', 'กานต์', 'มนูรัษฎา', 'KARNM@SCG.COM', '0899265143', 1, 87, 0, 1, 3),
(272, '0150-020139', 'วุฒิชัย', 'รักษ์กำเนิด', 'WUTTCHAR@SCG.COM', '0850696636', 1, 88, 0, 14, 8),
(273, '0150-020931', 'นรินทร์', 'แก้วทอง', 'NARINKAE@SCG.COM', '0887614229', 1, 89, 0, 14, 8),
(274, '0150-018591', 'จีระพจน์', 'ทองเลี่ยมนาค', 'JIRAPOJT@SCG.COM', '0857898085', 1, 89, 0, 14, 8),
(275, '0150-018896', 'สมศักดิ์', 'หนูรอด', 'SOMSAHN@SCG.COM', '0872812953', 1, 90, 0, 21, 2),
(276, '0150-022002', 'สุชาติ', 'เจียรนันทนา', 'SUCHARTJ@SCG.COM', '0868870505', 1, 91, 0, 0, 7),
(277, '0150-022003', 'กฤษฏิ์', 'เตชะสุรคุณ', 'KRITE@SCG.COM', '0619363516', 1, 91, 0, 0, 7),
(278, '0150-022004', 'สมพล', 'แก้วบุญเรือง', 'SOMPOLK@SCG.COM', '0897577799', 1, 91, 0, 0, 7),
(279, '0150-022005', 'อภิสิทธิ์', 'ชื่นเจริญ', 'APISICHU@SCG.COM', '0917808443', 1, 91, 0, 0, 7),
(280, '0150-022006', 'พงศธร', 'มั่นดี', 'PONGSAMO@SCG.COM', '', 1, 91, 0, 0, 7),
(281, '0150-020472', 'นิวัฒน์', 'แซ่อิ้ว', 'NIWSAE@SCG.COM', '0935839726', 1, 92, 0, 21, 2),
(282, '0150-019350', 'สมพร', 'ชนะศรี', 'SOMPORC@SCG.COM', '0968821050', 1, 92, 0, 21, 2),
(283, '0150-019506', 'ธนิต', 'ว่องไวโรจน์', 'TANITW@SCG.COM', '0895888663', 1, 93, 0, 21, 2),
(284, '0150-018487', 'ศักดา', 'เภรีมาศ', 'SAKDPE@SCG.COM', '0866905250', 1, 93, 0, 21, 2),
(285, '0150-022076', 'ทศพร', 'สุโพธิ์ใหม่', 'TOSSAPSU@SCG.COM', '0864032577', 1, 94, 0, 0, 7),
(286, '0150-022079', 'จามร', 'อินทฉาย', 'CHAMORNI@SCG.COM', '0891137072', 1, 95, 0, 10, 1),
(287, '0150-020871', 'จีรนันท์', 'วงศ์สวัสดิ์', 'JEERANAS@SCG.COM', '0954122869', 1, 96, 0, 10, 1),
(288, '0150-020586', 'เกรียงศักดิ์', 'ชูดวงจันทร์', 'KRIACHUD@SCG.COM', '0857916043', 1, 96, 0, 10, 1),
(289, '0150-018722', 'สุชาติ', 'สามารถ', 'SUCHARSA@SCG.COM', '0935835086', 1, 96, 0, 10, 1),
(290, '0150-019553', 'สุภชาติ', 'ภูริพงศธร', 'SUPACPUR@SCG.COM', '0826541696', 1, 97, 0, 10, 1),
(291, '0150-021820', 'ณัฐพร', 'ประสานพจน์', 'NATTPRAS@SCG.COM', '0815411718', 1, 98, 0, 11, 12),
(292, '0150-021907', 'สุเทพ', 'แก่นคง', 'SUTHKAE@SCG.COM', '0818670650', 1, 99, 0, 11, 12),
(293, '0150-022083', 'ณรงค์ศักดิ์', 'ตันติธนกิจ', 'NARONGTU@SCG.COM', '0614165293', 1, 100, 0, 11, 12),
(294, '0150-016713', 'มนต์ชัย', 'พรหมมณี', 'MONCHAPO@SCG.COM', '0819687536', 1, 101, 0, 20, 13),
(295, '0150-019536', 'ธนงศักดิ์', 'สุวรรณโชติ', 'TANONGSS@SCG.COM', '0848450564', 1, 102, 0, 20, 13),
(296, '0150-021184', 'พรเทพ', 'ปุยอรุณ', 'PORNTHPU@SCG.COM', '0809911421', 1, 103, 0, 20, 13),
(297, '0150-021620', 'ลลิตา', 'สายเพอ', 'LALITARS@SCG.COM', '0876242599', 1, 103, 0, 20, 13),
(298, '0150-013935', 'สมคิด', 'บ่อน้อย', 'SOMKIDB@SCG.COM', '0945831872', 1, 104, 0, 14, 8),
(299, '0150-016814', 'วิชัย', 'ทรงอาวุธ', 'VICHASO@SCG.COM', '0810902879', 1, 105, 0, 14, 8),
(300, '0150-021610', 'อนุศักดิ์', 'นาคนุกูล', 'ANUSAKN@SCG.COM', '0860972276', 1, 106, 0, 14, 8),
(301, '0150-021677', 'มาโนชญ์', 'ปานเมือง', 'MANOCHPA@SCG.COM', '0833908421', 1, 106, 0, 14, 8),
(302, '0150-021678', 'สายชล', 'คันธรักษ์', 'SAICHONK@SCG.COM', '0887847435', 1, 106, 0, 14, 8),
(303, '0150-019531', 'สมหมาย', 'แก้ววิเชียร', 'SOMMAKA@SCG.COM', '0887536187', 1, 106, 0, 14, 8),
(304, '0150-019645', 'เจริญศักดิ์', 'เหลืองอุ่มพล', 'CHARUENL@SCG.COM', '0899718101', 1, 106, 0, 14, 8),
(305, '0150-020646', 'วีรยุทธ', 'อ่อนแก้ว', 'WEERAYUO@SCG.COM', '0848445195', 1, 107, 0, 14, 8),
(306, '0150-018715', 'พิชยะ', 'อ่อนนวล', 'SUNTON@SCG.COM', '0813745158', 1, 107, 0, 14, 8),
(307, '0150-018716', 'บุญโชติ', 'รัตนบุรี', 'BOONCHOR@SCG.COM', '0935834983', 1, 107, 0, 14, 8),
(308, '0150-019423', 'สุริยน', 'อุสาหะ', 'SURIYONU@SCG.COM', '0827410313', 1, 107, 0, 14, 8),
(309, '0150-017149', 'ไพโรจน์', 'บัวบาน', 'PAIROTB@SCG.COM', '0872715684', 1, 108, 0, 14, 8),
(310, '0150-017985', 'พิศิษฐ์', 'รอดเกลี้ยง', 'PISITR@SCG.COM', '0898741958', 1, 109, 0, 14, 8),
(311, '0150-020138', 'ทนงศักดิ์', 'ลักษณะสมบูรณ์', 'TANONGSL@SCG.COM', '0808761938', 1, 110, 0, 14, 8),
(312, '0150-020208', 'สุรศักดิ์', 'เจียรวรรณ์', 'SURASAJI@SCG.COM', '0815355449', 1, 111, 0, 14, 8),
(313, '0150-020580', 'ธีรชัย', 'ฤทธิ์พรัด', 'THIRACHR@SCG.COM', '0801476843', 1, 111, 0, 14, 8),
(314, '0150-021630', 'สุรเชษฐ', 'มะลิลา', 'SURACMAL@SCG.COM', '0998137033', 1, 111, 0, 14, 8),
(315, '0150-020254', 'ไพโรจน์', 'รัตนบุรี', 'PIROR@SCG.COM', '0625965362', 1, 112, 0, 14, 8),
(316, '0150-020473', 'ศุภชัย', 'อ่อนนวล', 'SUPPACHM@SCG.COM', '0655255056', 1, 113, 0, 14, 8),
(317, '0150-019530', 'ไพศาล', 'เดชาฐาน', 'PAISADA@SCG.COM', '0620690606', 1, 114, 0, 14, 8),
(318, '0150-019464', 'อภิดล', 'ณัฐวิทย์สกุล', 'APHIDOLN@SCG.COM', '0952673205', 1, 115, 0, 14, 8),
(319, '0150-015121', 'สมโภชน์', 'ทองขำ', 'SOMPOTHT@SCG.COM', '0894698533', 1, 116, 0, 14, 8),
(320, '0150-018588', 'กิตติพงษ์', 'คงปลอด', 'KITTIPKO@SCG.COM', '0890025462', 1, 117, 0, 14, 8),
(321, '0150-021180', 'ยะฮ์หยา', 'หมัดอะดั้ม', 'YAHYAMAD@SCG.COM', '0987291387', 1, 118, 0, 14, 8),
(322, '0150-019584', 'บุรินทร์', 'เจดีย์รัตน์', 'BURIJA@SCG.COM', '0815353334', 1, 119, 0, 14, 8),
(323, '0150-019510', 'ประสิทธิ์', 'เพชรแดง', 'PRASPAC@SCG.COM', '0611989667', 1, 120, 0, 14, 8),
(324, '0150-020199', 'ธนศักดิ์', 'เพ็งจันทร์', 'TANASAKP@SCG.COM', '0887535439', 1, 121, 0, 14, 8),
(325, '0150-020373', 'เกรียงไกร', 'เซ่งเซี่ยง', 'KRIANGSE@SCG.COM', '0846301445', 1, 121, 0, 14, 8),
(326, '0150-020476', 'ปิยะบุตร', 'ชูมาลัย', 'PIYABUTC@SCG.COM', '0908736073', 1, 121, 0, 14, 8),
(327, '0150-020581', 'วันชัย', 'นิติไชย', 'WANCHANI@SCG.COM', '0813542248', 1, 121, 0, 14, 8),
(328, '0150-020583', 'สิทธิชัย', 'คำแหง', 'SITTICKA@SCG.COM', '0630826900', 1, 121, 0, 14, 8),
(329, '0150-020590', 'ชัชลัญ', 'แสงจันทร์', 'CHATCSAE@SCG.COM', '0887909966', 1, 121, 0, 14, 8),
(330, '0150-020671', 'สิทธิเดช', 'ชูกรณ์', 'SITTIDAC@SCG.COM', '0857927090', 1, 121, 0, 14, 8),
(331, '0150-020672', 'จักรพัฒน์', 'ทองมุกดากุล', 'JAKKAPTO@SCG.COM', '0939212304', 1, 121, 0, 14, 8),
(332, '0150-020689', 'ฉัตรชัย', 'แผ้วพาล', 'CHUTCHPH@SCG.COM', '0808809789', 1, 121, 0, 14, 8),
(333, '0150-020773', 'ประภัส', 'นิยมวาส', 'PRAPATNI@SCG.COM', '0874764710', 1, 121, 0, 14, 8),
(334, '0150-020776', 'เมษา', 'ยอดช่วย', 'MAYSAYOD@SCG.COM', '0973595548', 1, 121, 0, 14, 8),
(335, '0150-020777', 'ณัฐวุฒิ', 'ทองใส', 'NATTATHO@SCG.COM', '0936324259', 1, 121, 0, 14, 8),
(336, '0150-020844', 'ศรายุทธ', 'พัฒน์แก้ว', 'SARAYUPA@SCG.COM', '0848449494', 1, 121, 0, 14, 8),
(337, '0150-020930', 'กิตตินันท์', 'จันทกูล', 'KITTINAJ@SCG.COM', '0835120089', 1, 121, 0, 14, 8),
(338, '0150-020933', 'เลอศักดิ์', 'คงปราณ', 'LERSAKKH@SCG.COM', '0898741825', 1, 121, 0, 14, 8),
(339, '0150-021439', 'สุริยา', 'มะลิลา', 'SURIYMAL@SCG.COM', '0861204674', 1, 121, 0, 14, 8),
(340, '0150-021426', 'จตุรงค์', 'ทองสีอ่อน', 'JATUROTO@SCG.COM', '0836516559', 1, 121, 0, 14, 8),
(341, '0150-021621', 'ภิญโญ', 'น้ำผุด', 'PINYONAM@SCG.COM', '0635299629', 1, 121, 0, 14, 8),
(342, '0150-021629', 'ณัฐพล', 'เลขาพันธ์', 'NATTHALE@SCG.COM', '0980697099', 1, 121, 0, 14, 8),
(343, '0150-021679', 'สุระชัย', 'ไชยกิจแก้ว', 'SURACCHA@SCG.COM', '0887606149', 1, 121, 0, 14, 8),
(344, '0150-015910', 'ปรีชา', 'บัณฑิต', 'PRECHAB@SCG.COM', '0813701297', 1, 121, 0, 14, 8),
(345, '0150-016715', 'ยอดศักดิ์', 'โนนใหม่', 'KRALLERN@SCG.COM', '0949359498', 1, 121, 0, 14, 8),
(346, '0150-019471', 'กัญจน์ภัสสรณ์', 'พรหมแสง', 'KANPHASP@SCG.COM', '0936355544', 1, 121, 0, 14, 8),
(347, '0150-019585', 'นิพัฒน์', 'คงปราณ', 'NIPAKH@SCG.COM', '0935804364', 1, 121, 0, 14, 8),
(348, '0150-016807', 'ไพสิทธิ์', 'จันทร์ขาว', 'PAISITC@SCG.COM', '0898667329', 1, 122, 0, 14, 8),
(349, '0150-020202', 'คมสัน', 'ปัญจะเภรี', 'KOMSPUN@SCG.COM', '0815362977', 1, 123, 0, 12, 9),
(350, '0150-020383', 'ยศวริศ', 'เพียรดี', 'YOTWARIP@SCG.COM', '0810985664', 1, 124, 0, 13, 10),
(351, '0150-020780', 'เฉลิมชัย', 'ตะหมัง', 'CHALOEMT@SCG.COM', '0869496260', 1, 124, 0, 13, 10),
(352, '0150-020782', 'ภานุพงษ์', 'ส่งเสียง', 'PANUPSON@SCG.COM', '0872760411', 1, 124, 0, 13, 10),
(353, '0150-020934', 'กฤษณรักษ์', 'รัตนะ', 'KRIDSANR@SCG.COM', '0846329744', 1, 124, 0, 13, 10),
(354, '0150-020935', 'วัฒนา', 'สุทวิ', 'WATTANAS@SCG.COM', '0611849380', 1, 124, 0, 13, 10),
(355, '0150-021433', 'จักรกฤษณ์', 'ฤทธิ์ศรี', 'JAKKRIRI@SCG.COM', '0828106014', 1, 124, 0, 13, 10),
(356, '0150-021434', 'วัชรินทร์', 'บานเย็น', 'WATCHBAN@SCG.COM', '0824404855', 1, 124, 0, 13, 10),
(357, '0150-017518', 'บุรินทร์', 'อักษรวรรณ', 'BURINA@SCG.COM', '0865819756', 1, 124, 0, 13, 10),
(358, '0150-019341', 'ชัยภัทร', 'ปิยะเกศกุล', 'CHAISITS@SCG.COM', '0942058239', 1, 124, 0, 13, 10),
(359, '0150-017516', 'ประสิทธิ์', 'จันทร์ใหม่', 'PRASIJU@SCG.COM', '0898955385', 1, 125, 0, 13, 10),
(360, '0150-017879', 'ฤทธิชัย', 'พลประมวล', 'RITTICPH@SCG.COM', '0967376228', 1, 125, 0, 13, 10),
(361, '0150-017653', 'ณัฐรัตน์', 'คงผล', 'NUTTARAK@SCG.COM', '0878961340', 1, 126, 0, 13, 10),
(362, '0150-020593', 'ธนาวุฒิ', 'วิลาศลัด', 'TANAWUTW@SCG.COM', '0833885662', 1, 127, 0, 13, 10),
(363, '0150-020784', 'ปรัชญา', 'กฤตรัชตนันต์', 'PRATCHAK@SCG.COM', '0832452493', 1, 127, 0, 13, 10),
(364, '0150-021196', 'นิรุตติ์', 'ศิริอนันต์', 'NIRUTSIR@SCG.COM', '0939265395', 1, 127, 0, 13, 10),
(365, '0150-021618', 'วีระพัฒน์', 'จันทร์แจ่มศรี', 'WIRAPHAC@SCG.COM', '0806907187', 1, 127, 0, 13, 10),
(366, '0150-017880', 'รักษ์นิรันดร์', 'สมทรัพย์', 'RAKNIRAS@SCG.COM', '0848517650', 1, 127, 0, 13, 10),
(367, '0150-018238', 'ภูชิต', 'นาคฤทธิ์', 'PUCHITN@SCG.COM', '0878913099', 1, 127, 0, 13, 10),
(368, '0150-018566', 'จิรศักดิ์', 'สังข์โพธิ์', 'CHIRASSA@SCG.COM', '0813674533', 1, 127, 0, 13, 10),
(369, '0150-019349', 'วิทยา', 'ภารชาตรี', 'WITTAYPA@SCG.COM', '0813264845', 1, 127, 0, 13, 10),
(370, '0150-019430', 'สราวุฒิ', 'ปราบปราม', 'SARAWUTP@SCG.COM', '0899717062', 1, 127, 0, 13, 10),
(371, '0150-019651', 'เชาวรัตน์', 'บุญตั้ง', 'CHOAWARB@SCG.COM', '0896461186', 1, 127, 0, 13, 10),
(372, '0150-018095', 'เฉลิมชัย', 'รงค์ฤทธิ์ไชย', 'CHALOEMR@SCG.COM', '0862818467', 1, 128, 0, 13, 10),
(373, '0150-020201', 'สรรชัย', 'ชอบทำกิจ', 'SUNCHIC@SCG.COM', '0862716764', 1, 129, 0, 13, 10),
(374, '0150-020409', 'เทียนชัย', 'พินิจกาญจน์', 'TENACHAP@SCG.COM', '0884484358', 1, 129, 0, 13, 10),
(375, '0150-020420', 'ประสาน', 'ทองสีขำ', 'PRASARTH@SCG.COM', '0810849491', 1, 129, 0, 13, 10),
(376, '0150-020479', 'ศุภกฤษ', 'จุฬะแพทย์', 'SUPPAKRJ@SCG.COM', '0831732836', 1, 129, 0, 13, 10),
(377, '0150-020592', 'กิตติ', 'ศิริพันธุ์', 'KITTSIRI@SCG.COM', '0857946699', 1, 129, 0, 13, 10),
(378, '0150-020785', 'พงศ์ธวัช', 'บุญกระสินธุ์', 'PONGTAWB@SCG.COM', '0844430976', 1, 129, 0, 13, 10),
(379, '0150-021191', 'กิตติศักดิ์', 'ช้างกลาง', 'KITCHANG@SCG.COM', '0856556960', 1, 129, 0, 13, 10),
(380, '0150-021632', 'พงษ์กฤษณ์', 'ด้วงฉีด', 'PONGKRID@SCG.COM', '0622100804', 1, 129, 0, 13, 10),
(381, '0150-021651', 'สุระกาญจน์', 'ราชพรหม', 'SURAKARR@SCG.COM', '0801125391', 1, 129, 0, 13, 10),
(382, '0150-017605', 'สมคิด', 'อาจไพรินทร์', 'SOMKIAR@SCG.COM', '0896469015', 1, 129, 0, 13, 10),
(383, '0150-018672', 'จรัญ', 'สุขบำเพิง', 'CHARSUK@SCG.COM', '0960599225', 1, 129, 0, 13, 10),
(384, '0150-018799', 'เกียรติศักดิ์', 'ไสยฉิม', 'KIATTSAI@SCG.COM', '0818935967', 1, 129, 0, 13, 10),
(385, '0150-017729', 'วิเชียร', 'แก้วสีนวล', 'WICHIAKE@SCG.COM', '0954296535', 1, 130, 0, 13, 10),
(386, '0150-019539', 'ราเชญ', 'ถาวรไชย', 'RACHENT@SCG.COM', '0818932927', 1, 130, 0, 13, 10),
(387, '0150-019344', 'วีระศักดิ์', 'ภูมี', 'WEERASAP@SCG.COM', '0810857072', 1, 131, 0, 13, 10),
(388, '0150-020460', 'กิตติพงศ์', 'สหกโร', 'KITSAHAK@SCG.COM', '0993195549', 1, 132, 0, 13, 10),
(389, '0150-020584', 'สัมพันธ์', 'นิระโส', 'SUMPUNNI@SCG.COM', '0869450499', 1, 132, 0, 13, 10),
(390, '0150-020690', 'เมธชวินทร์', 'สุวรรณรัตน์', 'METCHAWS@SCG.COM', '0822870782', 1, 132, 0, 13, 10),
(391, '0150-020783', 'กิตติศักดิ์', 'อ่วมคง', 'KITTISAU@SCG.COM', '0954108055', 1, 132, 0, 13, 10),
(392, '0150-021195', 'ทิพชัย', 'หนูแก้ว', 'TIPPACHN@SCG.COM', '0857933717', 1, 132, 0, 13, 10),
(393, '0150-021438', 'บัญชา', 'กำจัดภัย', 'BANCHAKA@SCG.COM', '0937611160', 1, 132, 0, 13, 10),
(394, '0150-018447', 'สำราญ', 'สมบูรณ์มนต์', 'SUMRASO@SCG.COM', '0924562617', 1, 132, 0, 13, 10),
(395, '0150-019354', 'สายันต์', 'เหมือนหนู', 'SAYANM@SCG.COM', '0908896495', 1, 132, 0, 13, 10),
(396, '0150-018798', 'สมพร', 'อินทฤทธิ์', 'SOMPORNI@SCG.COM', '0817871870', 1, 133, 0, 13, 10),
(397, '0150-022091', 'ภาณุมาศ', 'ณ พัทลุง', 'PARNUMNA@SCG.COM', '0898714607', 1, 134, 0, 13, 10),
(398, '0150-021937', 'ปภัทร', 'พุฒหอม', 'PAPARTPU@SCG.COM', '0849086411', 1, 135, 0, 13, 10),
(399, '0150-021955', 'กวิศ', 'แซ่ตั้ง', 'KAWISAET@SCG.COM', '0804593556', 1, 135, 0, 13, 10),
(400, '0150-019557', 'วิวิช', 'วิศาล', 'WIWITW@SCG.COM', '0818952723', 1, 136, 0, 13, 10),
(401, '0150-021428', 'เรวัฒน์', 'พันธ์นิตย์', 'RAWATPHA@SCG.COM', '0955952908', 1, 137, 0, 0, 4),
(402, '0150-021942', 'ธนบดี', 'แก้วประกอบ', 'TANABOKA@SCG.COM', '0864871154', 1, 137, 0, 0, 4),
(403, '0150-021957', 'เลอศักดิ์', 'กล้างาม', 'LERSAKKL@SCG.COM', '0982615004', 1, 137, 0, 0, 4),
(404, '0150-021964', 'เกียรติศักดิ์', 'ชัยหาญ', 'KIESTISC@SCG.COM', '0954282569', 1, 137, 0, 0, 4),
(405, '0150-021806', 'อนันตญา', 'ศรีมาก', 'ANANTHAS@SCG.COM', '0896162247', 1, 137, 0, 4, 5),
(406, '0150-021961', 'เอกรัตน์', 'ชูแก้ว', 'AEKARACH@SCG.COM', '0901690278', 1, 137, 0, 4, 5),
(407, '0150-021799', 'สุรศักดิ์', 'พูลใหญ่', 'SURAPHUN@SCG.COM', '0874178810', 1, 137, 0, 5, 5),
(408, '0150-021965', 'กิตติศักดิ์', 'พิทักษ์สัตยกุล', 'KITTIPHI@SCG.COM', '0840683490', 1, 137, 0, 5, 5),
(409, '0150-021936', 'สุภารัตน์', 'สมมาตร', 'SUPARSOM@SCG.COM', '0645940900', 1, 137, 0, 2, 6),
(410, '0150-021928', 'อรรณพ', 'ทิมจันทร์', 'ANNOPTIM@SCG.COM', '0839636464', 1, 137, 0, 6, 6),
(411, '0150-021951', 'ญาดา', 'อุดมฤทธิกุล', 'YADAUDOM@SCG.COM', '0629645991', 1, 137, 0, 6, 6),
(412, '0150-021992', 'กันทรากร', 'กตเวทิตาธรรม', 'KANTARAK@SCG.COM', '0873209949', 1, 138, 0, 1, 3),
(413, '0150-022092', 'นิยม', 'โสธนะพันธุ์', 'NIYOMS@SCG.COM', '0818909212', 1, 139, 0, 0, 3),
(414, '0150-017528', 'สันติ', 'มารอด', 'SANTIM@SCG.COM', '0840444001', 1, 140, 0, 14, 8),
(415, '0150-012783', 'นิคม', 'ศึกเสือ', 'NIKOSU@SCG.COM', '0898685109', 1, 141, 0, 0, 4),
(416, '0150-021721', 'พันธวิทย์', 'วัฒนศรีสิน', 'PANTHAWW@SCG.COM', '0955942545', 1, 142, 0, 0, 4),
(417, '0150-020204', 'จีรศักดิ์', 'เจริญพงศ์', 'JERASAKJ@SCG.COM', '0854705625', 1, 143, 0, 0, 4),
(418, '0150-021962', 'เฉลิมชัย', 'นาฉิม', 'CHALENAC@SCG.COM', '0863324263', 1, 143, 0, 0, 4),
(419, '0150-021966', 'สุชิตต์', 'ไชยพล', 'SUCHITC@SCG.COM', '0892014423', 1, 143, 0, 0, 4),
(420, '0150-021972', 'วิวัฒน์', 'บุญญานนท์', 'WIWATBOO@SCG.COM', '0910494263', 1, 143, 0, 0, 4),
(421, '0150-020949', 'จารุวัฒน์', 'อำนาจเจริญ', 'CHARUWAA@SCG.COM', '0800110109', 1, 144, 0, 19, 8),
(422, '0150-021435', 'ปรินทร', 'ธรรมโชติ', 'PARINTOT@SCG.COM', '0958890706', 1, 145, 0, 0, 4),
(423, '0150-021691', 'ธนาเทพ', 'ปรางเพชร', 'THANATPR@SCG.COM', '0807165837', 1, 145, 0, 0, 4),
(424, '0150-021935', 'พุทธินันท์', 'วรรณสวัสดิ์', 'PHUTTHWA@SCG.COM', '0933207879', 1, 145, 0, 0, 4),
(425, '0150-019640', 'สากล', 'กัลปหา', 'SAKOLKAL@SCG.COM', '0860588125', 1, 145, 0, 0, 4),
(426, '0150-019647', 'ณรงค์', 'ศรีอนุรักษ์', 'NARSRIA@SCG.COM', '0923535649', 1, 145, 0, 0, 4),
(427, '0150-022077', 'เสาวลักษณ์', 'มิ่งขวัญ', 'SAOWALAM@SCG.COM', '0818835124', 1, 146, 0, 16, 1),
(428, '0150-021921', 'ฟ้าใหม่', 'เพ่งศรี', 'FAHMAIPH@SCG.COM', '0812872245', 1, 147, 0, 16, 1),
(429, '0150-020267', 'ช่อลัดดา', 'ศรีโยธา', 'CHOULADS@SCG.COM', '0908892544', 1, 148, 0, 16, 1),
(430, '0150-020770', 'จุฑารัตน์', 'คงศิริ', 'JUTARATB@SCG.COM', '0641988184', 1, 148, 0, 16, 1),
(431, '0150-021197', 'อัญชิษฐา', 'แสงทอง', 'AUNCHITS@SCG.COM', '0973263239', 1, 148, 0, 16, 1),
(432, '0150-021698', 'นิภาพร', 'ณรงค์กูล', 'NIPAPORN@SCG.COM', '0862841364', 1, 148, 0, 16, 1),
(433, '0150-018430', 'กุลธิดา', 'เครือสาย', 'KOOLLATS@SCG.COM', '0952616928', 1, 148, 0, 16, 1),
(434, '0150-021934', 'พิศุทธิ์', 'เจนพจนา', 'PISUTJEN@SCG.COM', '0897712077', 1, 149, 0, 17, 11),
(435, '0150-020480', 'นิพนธ์', 'พูลเกิด', 'NIPOPO@SCG.COM', '0994929494', 1, 150, 0, 17, 11),
(436, '0150-021020', 'ธีระรัฐ', 'ธัญญพันธ์', 'TEERARTA@SCG.COM', '0892874608', 1, 151, 0, 18, 1),
(437, '0150-021198', 'กาญจนา', 'ลีลารุจนกุล', 'KANJASUA@SCG.COM', '0918261569', 1, 152, 0, 18, 1),
(438, '0150-021622', 'อดิศร', 'เส็นสมเอียด', 'ADISORSE@SCG.COM', '0624649147', 1, 152, 0, 18, 1),
(439, '0150-014934', 'ธราพงษ์', 'โพธิ์ธรรมตระกูล', 'TARAPONP@SCG.COM', '0817872047', 1, 153, 0, 14, 8),
(440, '0150-012777', 'วีระศักดิ์', 'นันทานุรักษ์', 'WEERASAN@SCG.COM', '0872639578', 1, 154, 0, 14, 8),
(441, '0150-020389', 'อรรถพร', 'มาเต', 'ATTHAPMA@SCG.COM', '0899017755', 1, 155, 0, 1, 3),
(442, '0150-021988', 'ถิรวุฒิ', 'ธนังเลิศมาลัย', 'THIRAWUT@SCG.COM', '0831776256', 1, 155, 0, 1, 3),
(443, '0150-021989', 'ปวรินทร์', 'ระจิตดำรงค์', 'PAOWARIR@SCG.COM', '0650529666', 1, 155, 0, 1, 3),
(444, '0150-021990', 'กนกวัฒน์', 'เชิงบันลือศักดิ์', 'KANOKCHE@SCG.COM', '0819914625', 1, 155, 0, 1, 3),
(445, '0150-021993', 'นนทวัชร์', 'เหมือนเผ่าพงษ์', 'NONTAWAM@SCG.COM', '0864033411', 1, 155, 0, 1, 3),
(446, '0150-021994', 'ชานน', 'อติวีระกุล', 'CHANONAT@SCG.COM', '0827345647', 1, 155, 0, 1, 3),
(447, '0150-021997', 'ธนภัทร', 'ทองรัศมี', 'THATONGR@SCG.COM', '', 1, 155, 0, 1, 3),
(448, '0150-021998', 'ธนโชติ', 'ทวีจิตร', 'THANTHAW@SCG.COM', '', 1, 155, 0, 1, 3),
(449, '0150-021999', 'วาธินี', 'บุญเกื้อ', 'WATHINEB@SCG.COM', '0611872030', 1, 155, 0, 1, 3),
(450, '0150-022000', 'ณัษธปรัชส์', 'คูณรัตน์ฉันทบูร', 'NATTHKUN@SCG.COM', '', 1, 155, 0, 1, 3),
(451, '0150-022070', 'ธวัฒน์', 'เทียรทอง', 'THAWTHI@SCG.COM', '0819079443', 1, 155, 0, 1, 3),
(452, '0150-021887', 'กฤษณะ', 'ภิรมย์', 'KRISSANP@SCG.COM', '0866863989', 1, 156, 0, 3, 5),
(453, '0150-021832', 'สมคิด', 'ชัยศิริ', 'SOMKICH@SCG.COM', '0657192259', 1, 156, 0, 4, 5),
(454, '0150-021839', 'สุภชัย', 'โพธิ', 'SUPPACPH@SCG.COM', '0954106269', 1, 156, 0, 4, 5),
(455, '0150-021896', 'ไกรศักดิ์', 'ศรีเจริญ', 'KAISASR@SCG.COM', '0800838677', 1, 156, 0, 4, 5),
(456, '0150-021883', 'วิสุทธิ์', 'เพชรสกุล', 'WISOOTHP@SCG.COM', '0831693432', 1, 156, 0, 5, 5),
(457, '0150-021895', 'มงคล', 'เรืองศรี', 'MONGKONR@SCG.COM', '0847310896', 1, 156, 0, 2, 6),
(458, '0150-021833', 'เกียรติศักดิ์', 'จิตต์ณรงค์', 'KIATTISJ@SCG.COM', '0898730429', 1, 156, 0, 6, 6),
(459, '0150-021852', 'ไกรจักร', 'บัวผัน', 'KRIGAKRB@SCG.COM', '0836480359', 1, 156, 0, 6, 6),
(460, '0150-021903', 'จัตตพงษ์', 'เทพพิทักษ์', 'CHATTAPT@SCG.COM', '0888742835', 1, 156, 0, 6, 6),
(461, '0150-020457', 'สุทัศน์', 'เหมทานนท์', 'SUTUSA@SCG.COM', '0895979293', 1, 157, 0, 3, 5),
(462, '0150-021767', 'อนุชัย', 'อุบลกาญจน์', 'ANUCHAIU@SCG.COM', '0913243029', 1, 157, 0, 3, 5),
(463, '0150-021770', 'ณัฐพงษ์', 'จันทร์ทอง', 'NATCHANT@SCG.COM', '0625422453', 1, 157, 0, 3, 5),
(464, '0150-021824', 'อมรเทพ', 'บุญสำราญ', 'AMONTAPB@SCG.COM', '0954292795', 1, 157, 0, 3, 5),
(465, '0150-021882', 'สุชาติ', 'ณัฐคุณานนท์', 'SUCHNUT@SCG.COM', '0898697417', 1, 157, 0, 3, 5),
(466, '0150-019586', 'วิรุฬ', 'ดวงมาก', 'WIROOND@SCG.COM', '0896523508', 1, 157, 0, 3, 5),
(467, '0150-021701', 'สุไลหมาน', 'หลงโซ๊ะ', 'SULAIMAL@SCG.COM', '0872798955', 1, 157, 0, 4, 5),
(468, '0150-021742', 'จุติ', 'อนันตพรรค', 'JUTIA@SCG.COM', '0833983441', 1, 157, 0, 4, 5),
(469, '0150-021746', 'สมพร', 'เพ็ชรกอ', 'SOMPONRP@SCG.COM', '0987268299', 1, 157, 0, 4, 5),
(470, '0150-021753', 'ภูมิ', 'ไชยคชบาล', 'PHUMCHAI@SCG.COM', '0887610574', 1, 157, 0, 4, 5),
(471, '0150-021763', 'จตุพงศ์', 'เพ็งเกต', 'JATUPOPA@SCG.COM', '0897248699', 1, 157, 0, 4, 5),
(472, '0150-021764', 'ชัชพิสิฐ', 'จันทร์ศรี', 'CHUTPHIJ@SCG.COM', '0954292402', 1, 157, 0, 4, 5),
(473, '0150-021780', 'ณัฐวุฒิ', 'ทองรุ่ง', 'NATHONGR@SCG.COM', '0887816035', 1, 157, 0, 4, 5),
(474, '0150-021781', 'อภิวัฒน์', 'จิตรมุ่ง', 'APHIWCHI@SCG.COM', '0626295395', 1, 157, 0, 4, 5),
(475, '0150-021885', 'ดวงดี', 'เหรียญสกุล', 'DUANGDER@SCG.COM', '0898726973', 1, 157, 0, 4, 5),
(476, '0150-020502', 'สิทธิชัย', 'หนูสีคง', 'SITTHINU@SCG.COM', '0866932543', 1, 157, 0, 5, 5),
(477, '0150-020932', 'วรกันต์', 'นวลจันทร์', 'WORRAGUN@SCG.COM', '0894669622', 1, 157, 0, 5, 5),
(478, '0150-021166', 'โชคชัย', 'พิทักษ์บุตร', 'CHOKCPIT@SCG.COM', '0914594498', 1, 157, 0, 5, 5),
(479, '0150-021192', 'จิรยุทธ์', 'พัตจาลจุล', 'JIRAYUPA@SCG.COM', '0645977700', 1, 157, 0, 5, 5),
(480, '0150-021768', 'มนูศักดิ์', 'คงสุข', 'MANUSAKK@SCG.COM', '0869616300', 1, 157, 0, 5, 5),
(481, '0150-021769', 'ไกรศักดิ์', 'แก้วขาว', 'KRAISAKK@SCG.COM', '0935753712', 1, 157, 0, 5, 5),
(482, '0150-021857', 'พันเลิศ', 'ไกรดิษฐ์', 'PANLERTK@SCG.COM', '0910466369', 1, 157, 0, 5, 5),
(483, '0150-021970', 'สัญญา', 'จันทร์เมือง', 'SANYAJ@SCG.COM', '0859115913', 1, 157, 0, 5, 5),
(484, '0150-021694', 'สุธีรัฐ', 'อาคมเวช', 'SUTEERAA@SCG.COM', '0645796854', 1, 157, 0, 2, 6),
(485, '0150-021754', 'ยุทธนา', 'หมัดอาดำ', 'DACHMADA@SCG.COM', '0657192260', 1, 157, 0, 2, 6),
(486, '0150-021782', 'ยศธกร', 'ชัยเพชร', 'YOSTAKOC@SCG.COM', '0612495694', 1, 157, 0, 2, 6),
(487, '0150-021856', 'อนุวัตร', 'แสวงชอบ', 'ANUWASW@SCG.COM', '0632278518', 1, 157, 0, 2, 6),
(488, '0150-021861', 'พรรษกร', 'ดวงทอง', 'PASSAKOD@SCG.COM', '0861203002', 1, 157, 0, 2, 6),
(489, '0150-021188', 'นพดล', 'สายนุ้ย', 'NOPPASAI@SCG.COM', '0954183885', 1, 157, 0, 6, 6),
(490, '0150-021625', 'สุรสิทธิ์', 'ชลสาคร', 'SURASICH@SCG.COM', '0808895938', 1, 157, 0, 6, 6),
(491, '0150-021696', 'ฟาซอล', 'อะดำ', 'FAZOLADA@SCG.COM', '0931874294', 1, 157, 0, 6, 6),
(492, '0150-021744', 'สันติชัย', 'แก้วใจจง', 'SANTICKA@SCG.COM', '0863820700', 1, 157, 0, 6, 6),
(493, '0150-021759', 'จำเริญ', 'สายนุ้ย', 'JAMROENS@SCG.COM', '0801441442', 1, 157, 0, 6, 6),
(494, '0150-021771', 'ชัยยา', 'ตาดทอง', 'CHAIYATH@SCG.COM', '0848893880', 1, 157, 0, 6, 6),
(495, '0150-021950', 'บรมเจตน์', 'รงค์ภักดี', 'BOROMJER@SCG.COM', '0844463834', 1, 157, 0, 6, 6),
(496, '0150-017865', 'อุเทน', 'เฟื่องหัตถกิจ', 'AUTHENF@SCG.COM', '0818501238', 1, 158, 0, 0, 4),
(497, '0150-020059', 'พรรษกร', 'นวลจริง', 'PHANSAKN@SCG.COM', '0871162047', 1, 158, 0, 0, 4),
(498, '0150-021876', 'ปรีชา', 'นิยมเดชา', 'PREECHNI@SCG.COM', '0815428059', 1, 159, 0, 3, 5),
(499, '0150-021830', 'บุญส่ง', 'ชมภูทอง', 'BUNSONGC@SCG.COM', '0815376919', 1, 159, 0, 4, 5),
(500, '0150-021846', 'ศักดิ์พุทธยา', 'บรรณาลังค์', 'SUKPUTYB@SCG.COM', '0898730435', 1, 159, 0, 2, 6),
(501, '0150-021952', 'วรุฒ', 'เทอดอุดมธรรม', 'WARUTTER@SCG.COM', '0819047966', 1, 159, 0, 6, 6),
(502, '0150-015543', 'อภัย', 'เซ่งล่าย', 'APAIS@SCG.COM', '0816582701', 1, 160, 0, 15, 2),
(503, '0150-020591', 'ภานุวัฒน์', 'นวลขาว', 'PANUWANA@SCG.COM', '0944967488', 1, 161, 0, 15, 2),
(504, '0150-017731', 'เมธี', 'หอมเกตุ', 'MATEEH@SCG.COM', '0812726254', 1, 161, 0, 15, 2),
(505, '0150-020394', 'เมธาวัฒน์', 'สุขผสาร', 'MATAWATS@SCG.COM', '0629302389', 1, 162, 0, 15, 2),
(506, '0150-020456', 'ศักดิ์ชัย', 'ทุ่มเกิด', 'SAKCHATU@SCG.COM', '0619821651', 1, 162, 0, 15, 2),
(507, '0150-020585', 'สิทธิรงค์', 'คงดี', 'SITTIROK@SCG.COM', '0872887291', 1, 162, 0, 15, 2),
(508, '0150-021186', 'สุวิทย์', 'แต้มแก้ว', 'SUWITAMK@SCG.COM', '0805962488', 1, 162, 0, 15, 2),
(509, '0150-021423', 'ขจรพงศ์', 'สุวรรณเพ็ชร', 'KAJORNGS@SCG.COM', '0897327349', 1, 162, 0, 15, 2),
(510, '0150-021421', 'ปกิต', 'พงศ์อักษร', 'PAKITPON@SCG.COM', '0835383295', 1, 162, 0, 15, 2),
(511, '0150-021431', 'พีรพงศ์', 'พรามมณีโชติ', 'PEERAPPR@SCG.COM', '0880667877', 1, 162, 0, 15, 2),
(512, '0150-021429', 'อิทธิพล', 'โสรธรณ์', 'ITTIPSOR@SCG.COM', '0864871246', 1, 162, 0, 15, 2),
(513, '0150-021692', 'โยธิน', 'มุกสง', 'YOTIM@SCG.COM', '0872644794', 1, 162, 0, 15, 2),
(514, '0150-021693', 'ปกป้อง', 'จุนาพงศ์', 'PRAKARKH@SCG.COM', '0917634222', 1, 162, 0, 15, 2),
(515, '0150-018794', 'จำนรรจ์', 'ไทยสุริยันต์', 'JAMNANT@SCG.COM', '0917477165', 1, 162, 0, 15, 2),
(516, '0150-018856', 'ดนัยนันท์', 'เจียรวรรณ์', 'UDOMPORJ@SCG.COM', '0980863864', 1, 162, 0, 15, 2),
(517, '0150-019650', 'ธเนศวร์', 'วังบุญคง', 'THANESUW@SCG.COM', '0835253579', 1, 162, 0, 15, 2),
(518, '0150-019458', 'นลิน', 'ขบวนสาร', 'NALINKAB@SCG.COM', '0857870183', 1, 163, 0, 15, 2),
(519, '0150-017986', 'จราวุฒิ', 'มูณีรัตน์', 'JARAWUTM@SCG.COM', '0818939122', 1, 164, 0, 15, 2),
(520, '0150-021736', 'พิชยยุทธ', 'กิตติเจริญเกียรติ', 'PHICHAYK@SCG.COM', '0655199789', 1, 165, 0, 22, 12),
(521, '0150-021654', 'พิพัฒน์', 'กุศเลิศจริยา', 'PIPATKUS@SCG.COM', '0972868777', 1, 166, 0, 1, 3),
(522, '0150-021987', 'ประทวน', 'ศิริบาล', 'PRATUANS@SCG.COM', '0625353914', 1, 166, 0, 1, 3),
(523, '0150-021991', 'ขนิษฐา', 'อัครจิตสกุล', 'KANITTHA@SCG.COM', '0842094705', 1, 166, 0, 1, 3),
(524, '0150-021995', 'ศรัณย์', 'ปานเลิศ', 'SARUNPAN@SCG.COM', '0891712972', 1, 166, 0, 1, 3),
(525, '0150-021996', 'วีระศักดิ์', 'ช้างน้อย', 'WEERASCH@SCG.COM', '0806687595', 1, 166, 0, 1, 3),
(526, '0150-022001', 'วัชริศ', 'วุ่นวงศ์', 'WATCHAWU@SCG.COM', '', 1, 166, 0, 1, 3),
(527, '0150-022071', 'สายชล', 'เคียงมะโน', 'SAICHOKH@SCG.COM', '0830034680', 1, 166, 0, 1, 3),
(528, '0150-020838', 'ณัฐวุฒิ', 'เหรัญญิก', 'NATTWUTH@SCG.COM', '0918691231', 1, 167, 0, 13, 10),
(529, '0150-020940', 'กีรติ', 'ทับทอง', 'KEERAITT@SCG.COM', '0918208045', 1, 167, 0, 13, 10),
(530, '0150-020916', 'อภิชาติ', 'แสงทอง', 'APICSANG@SCG.COM', '0808610519', 1, 167, 0, 13, 10),
(531, '0150-021193', 'ชาคร', 'จิระแพทย์', 'CHAKORNC@SCG.COM', '0805417627', 1, 167, 0, 13, 10);
INSERT INTO `detail` (`id`, `codeuser_detail`, `firstname_detail`, `lastname_detail`, `email_detail`, `Tel_detail`, `company_id`, `position_id`, `section_id`, `department_id`, `division_id`) VALUES
(532, '0150-021436', 'ภรัณญู', 'เหมมณี', 'PARUNYUH@SCG.COM', '0985993811', 1, 167, 0, 13, 10),
(533, '0150-019343', 'ภัทราวุธ', 'แซ่แต้', 'PATHARAS@SCG.COM', '0898683456', 1, 167, 0, 13, 10),
(534, '0150-019429', 'มานิตย์', 'คุมพล', 'MANIKO@SCG.COM', '0936496688', 1, 167, 0, 13, 10),
(535, '0150-019588', 'ศักดา', 'เพชรดำเกิง', 'SAKDAPE@SCG.COM', '0898679769', 1, 167, 0, 13, 10),
(536, '0150-014436', 'โกสินทร์', 'ศิริปทาวานิช', 'KOSINS@SCG.COM', '0815357220', 1, 168, 0, 13, 10),
(537, '0150-019469', 'โยธิน', 'อ้นทอง', 'YOTINO@SCG.COM', '0808221498', 1, 168, 0, 13, 10),
(538, '0150-022082', 'ชฤัมภณ', 'อาทิตย์', 'CHARUMPA@SCG.COM', '0898956455', 1, 169, 0, 0, 12),
(539, '0150-022088', 'พีรพงษ์', 'มังกรกาญจน์', 'PEERAPMO@SCG.COM', '0818676303', 1, 170, 0, 22, 12),
(540, '0150-021735', 'มานิตย์', 'ขุนอนันท์', 'MANITKU@SCG.COM', '0818905863', 1, 171, 0, 3, 5),
(541, '0150-021899', 'กิติศักดิ์', 'ผลความดี', 'KITISAKP@SCG.COM', '0817360236', 1, 171, 0, 4, 5),
(542, '0150-021924', 'โกวิท', 'พูลสวัสดิ์', 'KOWIPO@SCG.COM', '0964428878', 1, 171, 0, 5, 5),
(543, '0150-021842', 'สายชล', 'จรณวัต', 'SAICHONC@SCG.COM', '0817380098', 1, 171, 0, 2, 6),
(544, '0150-021848', 'นิพล', 'สวัสดิรักษา', 'NIPOSA@SCG.COM', '0815367633', 1, 171, 0, 2, 6),
(545, '0150-021844', 'อรรถวิทย์', 'ชัยวิชิต', 'ATTHAWIC@SCG.COM', '0898731817', 1, 171, 0, 6, 6),
(546, '0150-021850', 'วชิระ', 'ชุมมะ', 'WACHIRAC@SCG.COM', '0655944919', 1, 172, 0, 3, 5),
(547, '0150-021959', 'นิมิตร', 'ประมูล', 'NIMITPRA@SCG.COM', '0931319441', 1, 172, 0, 4, 5),
(548, '0150-021739', 'วรภัทร', 'จินดาเพชร', 'WORRAPAJ@SCG.COM', '0818978838', 1, 172, 0, 5, 5),
(549, '0150-021886', 'ณรงค์ฤทธิ์', 'แก้วตะรัตน์', 'NARONGKA@SCG.COM', '0815439440', 1, 172, 0, 5, 5),
(550, '0150-021925', 'สุริยา', 'ราชปัญญา', 'SURIYARA@SCG.COM', '0869455668', 1, 172, 0, 6, 6),
(551, '0150-021973', 'วัชรินทร์', 'ภิรมณ์วัฒนากุล', 'WATCHPIR@SCG.COM', '0951379525', 1, 172, 0, 6, 6),
(552, '0150-015544', 'คนึง', 'ช่วยพิทักษ์', 'KANUENGC@SCG.COM', '0898713172', 1, 173, 0, 3, 5),
(553, '0150-021843', 'วิสุทธิ์', 'ทองเทพ', 'WISUTH@SCG.COM', '0899736113', 1, 173, 0, 4, 5),
(554, '0150-021865', 'กำธร', 'ชูจักร์', 'KAMTHONC@SCG.COM', '0880025223', 1, 173, 0, 5, 5),
(555, '0150-021773', 'พลากร', 'พฤกษชาติ', 'PALAKORP@SCG.COM', '0992865841', 1, 173, 0, 2, 6),
(556, '0150-021732', 'ศุภวิชญ์', 'เกื้อกิ้ม', 'SUWIKU@SCG.COM', '0899791349', 1, 173, 0, 6, 6),
(557, '0150-020193', 'จิระศักดิ์', 'ธรรมศิลา', 'JIRASATH@SCG.COM', '0653532639', 1, 174, 0, 14, 8),
(558, '0150-022099', 'บุรินทร์', 'จันทวรรณกูร', 'BURINC@SCG.COM', '0819515323', 1, 175, 0, 0, 7),
(559, '0150-021662', 'บุษกรณ์', 'ภักดีประพันธ์', 'BUDSAKRP@SCG.COM', '0818537736', 1, 176, 0, 1, 3),
(560, '0150-021709', 'วรเมตต์', 'สุวรรณชมภู', 'VORAMETS@SCG.COM', '0857494070', 1, 177, 0, 15, 2),
(561, '0150-021707', 'ภาสกร', 'หัตถกรรม', 'PASSAKOH@SCG.COM', '0985615965', 1, 177, 0, 1, 3),
(562, '0150-022095', 'เกรียงศักดิ์', 'ฉุนชื่นจิตต์', 'KRIANGSC@SCG.COM', '0818519732', 1, 177, 0, 1, 3),
(563, '0150-022096', 'นพดล', 'ไตรสัจจ์', 'NOPPADTR@SCG.COM', '0892929191', 1, 177, 0, 1, 3),
(564, '0150-016944', 'คมกฤช', 'ลายลักษณ์', 'KHOMKRIL@SCG.COM', '0895006210', 1, 177, 0, 1, 3),
(565, '0150-021609', 'ปรีดิ์ผาติ', 'สุวิทยารัตน์', 'PREEPHAS@SCG.COM', '0938985598', 1, 178, 0, 1, 3),
(566, '0150-022068', 'ฐานวัฒน์', 'อัศวโชคอนันท์', 'THANAWAU@SCG.COM', '0813999168', 1, 178, 0, 1, 3),
(567, '0150-022097', 'ฐาณัชฏ์', 'เพลงศิลป์วัฒนา', 'CHARKKRP@SCG.COM', '0819943900', 1, 178, 0, 1, 3),
(568, '0150-022098', 'อมรรัตน์', 'แสนสุรีย์รังสิกุล', 'AMONRATS@SCG.COM', '0909788809', 1, 178, 0, 1, 3),
(569, '0150-019389', 'กมล', 'บางยี่ขัน', 'KAMOLB@SCG.COM', '0954832266', 1, 178, 0, 1, 3),
(570, '0150-022094', 'ประภาส', 'แก้วพงศ์พันธุ์', 'PRAPASK@SCG.COM', '0892017165', 1, 179, 0, 7, 3),
(571, '0150-016815', 'ชาตรี', 'ทองนาค', 'CHATRETH@SCG.COM', '0898685027', 1, 180, 0, 19, 8),
(572, '0150-019509', 'ณุปกรณ์', 'ลิมวนาทิพงษ์', 'NUPAGONL@SCG.COM', '0955539178', 1, 180, 0, 19, 8),
(573, '0150-019345', 'อนุวัช', 'แป้นดวง', 'ANUWATP@SCG.COM', '0808901073', 1, 181, 0, 19, 8),
(574, '0150-020501', 'อโณทัย', 'เก่งกาจ', 'ANOTHAIK@SCG.COM', '0813701832', 1, 182, 0, 19, 8),
(575, '0150-021425', 'ศุภมิตร', 'สุคนธพันธ์', 'SUPPHAMS@SCG.COM', '0945421454', 1, 182, 0, 19, 8),
(576, '0150-020688', 'ธีรพงษ์', 'ทองปาน', 'TEETHONG@SCG.COM', '0872759309', 1, 183, 0, 19, 8),
(577, '0150-020821', 'ษณกร', 'ด้วงสีทอง', 'SANAKORD@SCG.COM', '0909450996', 1, 183, 0, 19, 8),
(578, '0150-015678', 'ปรีชา', 'แร่ทอง', 'PREECRAE@SCG.COM', '0872639790', 1, 184, 0, 13, 10),
(579, '0150-020936', 'พงศกร', 'อักษรพิบูลย์', 'PONGSAAK@SCG.COM', '0843239473', 1, 185, 0, 13, 10),
(580, '0150-021437', 'สมหมาย', 'รัตนบุษย์', 'SOMMAIRA@SCG.COM', '0874626147', 1, 185, 0, 13, 10),
(581, '0150-018679', 'มนูญ', 'จันทร์สุข', 'MANOONJ@SCG.COM', '0899708998', 1, 186, 0, 7, 3),
(582, '0150-020673', 'เยาวลักษณ์', 'ทองคำชุม', 'YAOWALAT@SCG.COM', '0828215488', 1, 187, 0, 7, 3),
(583, '0150-021695', 'ปิยพงษ์', 'ชูชัย', 'PIYAPONC@SCG.COM', '0622092770', 1, 187, 0, 7, 3),
(584, '0150-017719', 'เสกสรร', 'มูสิกะ', 'SEKSAMU@SCG.COM', '0851984676', 1, 187, 0, 7, 3),
(585, '0150-017660', 'ธีรทัศน์', 'ชลสาคร', 'PEERASAC@SCG.COM', '0887685109', 1, 187, 0, 7, 3),
(586, '0150-018096', 'กฤตนัน', 'ส้มเขียวหวาน', 'ANUSO@SCG.COM', '0973618024', 1, 187, 0, 7, 3),
(587, '0150-018595', 'นภดล', 'หนูฤทธิ์', 'NOPPADON@SCG.COM', '0894709177', 1, 187, 0, 7, 3),
(588, '0150-018633', 'อดุลย์', 'หมาดหวัง', 'ADULMA@SCG.COM', '0857980033', 1, 187, 0, 7, 3),
(589, '0150-019353', 'ยุทธจักร', 'ชอบทำกิจ', 'YUTHCHAS@SCG.COM', '0849950514', 1, 187, 0, 7, 3),
(590, '0150-018796', 'สุวิทย์', 'มานพพันธ์', 'SUWITMA@SCG.COM', '0848500427', 1, 187, 0, 7, 3),
(591, '0150-022065', 'อิศรศักดิ์', 'วงศ์วนากุล', 'ISARASAW@SCG.COM', '0894300255', 1, 188, 0, 0, 14),
(592, '0150-022081', 'ปุณณวัฒน์', 'โชยดิรส', 'PHUNNAWC@SCG.COM', '0898065339', 1, 189, 0, 0, 14),
(593, '0150-017728', 'ทวีศักดิ์', 'ศิริบุญประเสริฐ', 'TAWEESIR@SCG.COM', '0812733601', 1, 190, 0, 21, 2),
(594, '0150-020426', 'ไกวัล', 'มวยดี', 'KAIWANM@SCG.COM', '0816467775', 1, 191, 0, 19, 8),
(595, '0150-021612', 'โกมิน', 'บวรศุภศรี', 'KOMINBAU@SCG.COM', '0861206379', 1, 191, 0, 19, 8),
(596, '0150-021623', 'เทพพิทักษ์', 'หมกทอง', 'THEPPIMO@SCG.COM', '0806484781', 1, 191, 0, 19, 8),
(597, '0150-022090', 'อาศรม', 'สถาปนพงศ์เจริญ', 'ARSOMS@SCG.COM', '0813729438', 1, 192, 0, 22, 12),
(598, '0150-022089', 'ศราวุธ', 'ยิ่งรักชัย', 'SARAWUTY@SCG.COM', '0845558643', 1, 193, 0, 22, 12),
(599, '0150-018890', 'สุนทร', 'ศรีอ่อน', 'SOONTOSR@SCG.COM', '0819790097', 1, 194, 0, 19, 8),
(600, '0150-020492', 'สุดรัก', 'พลเพียร', 'SUDRAKP@SCG.COM', '0808924402', 1, 195, 0, 19, 8),
(601, '0150-020775', 'ศราวุธ', 'สุขศรีเพ็ง', 'SARAVUSU@SCG.COM', '0952569983', 1, 195, 0, 19, 8),
(602, '0150-012525', 'ปริญญา', 'ตัณฑชน', 'PARINYAT@SCG.COM', '0897293679', 1, 196, 0, 7, 3),
(603, '0150-020374', 'จตุรงค์', 'แอ้นไธสง', 'JATURONA@SCG.COM', '0894706335', 1, 197, 0, 7, 3),
(604, '0150-020767', 'ทัตตพันธุ์', 'คงจันทร์', 'THATTHAK@SCG.COM', '0805433176', 1, 197, 0, 7, 3),
(605, '0150-020950', 'บิลัน', 'หมากปาน', 'BILANMAK@SCG.COM', '0937241141', 1, 197, 0, 7, 3),
(606, '0150-021199', 'ศักดิ์รพี', 'มโนสวัสดิ์', 'SAKRAPEM@SCG.COM', '0842926388', 1, 197, 0, 7, 3),
(607, '0150-021750', 'สุลัยมาน', 'อาแว', 'SULAIMAA@SCG.COM', '0897354494', 1, 197, 0, 7, 3),
(608, '0150-018596', 'ปัญญา', 'แก้วภราดัย', 'PUNYKA@SCG.COM', '0896516623', 1, 197, 0, 7, 3),
(609, '0150-018678', 'ณรงค์', 'พลกูล', 'NARONPOL@SCG.COM', '0848520333', 1, 197, 0, 7, 3),
(610, '0150-019648', 'สุริยา', 'ขุนไกร', 'SURIYHU@SCG.COM', '0806994855', 1, 197, 0, 7, 3),
(611, '0150-015698', 'ณัฏฐวัฒน์', 'กิจเยาวสงค์', 'NATTHAWK@SCG.COM', '0628194759', 1, 198, 0, 7, 3),
(612, '0150-018635', 'นุชน้อย', 'รักษ์กำเนิด', 'NUDNOIR@SCG.COM', '0937762853', 1, 198, 0, 7, 3),
(613, '0150-019642', 'สาทิตย์', 'นิลวงศ์', 'SATITN@SCG.COM', '0833965298', 1, 199, 0, 13, 10),
(614, '0150-020937', 'จีรพงษ์', 'แซ่ลิ้ม', 'JEERAPOS@SCG.COM', '0987053457', 1, 200, 0, 13, 10),
(615, '0150-019432', 'ไพบูลย์', 'ชูรักษ์', 'PAIBOCHU@SCG.COM', '0923617989', 1, 201, 0, 13, 10),
(616, '0150-021826', 'เอกไพบูลย์', 'สินฉิม', 'PHAIBOOS@SCG.COM', '0815415612', 1, 202, 0, 11, 12),
(617, '0150-021804', 'นุดษรา', 'แหน่งสกุล', 'NUDSARAN@SCG.COM', '0922540746', 1, 203, 0, 11, 12),
(618, '0150-021968', 'นงนุช', 'ภู่มณี', 'NONGNOPU@SCG.COM', '0817380352', 1, 204, 0, 11, 12),
(619, '0150-021860', 'บุษกร', 'วิสุทธิโชติกุล', 'BOOSAGOW@SCG.COM', '0979236495', 1, 205, 0, 11, 12),
(620, '0150-021862', 'ธีรกุล', 'วุฒิสันติกุล', 'TEERAGUV@SCG.COM', '0862853526', 1, 206, 0, 11, 12),
(621, '0150-021905', 'ภัทรายุทธ', 'แก้วช่วย', 'PUTTARKR@SCG.COM', '0819571169', 1, 207, 0, 11, 12),
(622, '0150-019466', 'อุดร', 'สุขชุมเชย', 'UDONS@SCG.COM', '0816780870', 1, 208, 0, 15, 2),
(623, '0150-017601', 'นิวัติ', 'เมืองทรัพย์', 'NIWAMU@SCG.COM', '0899719223', 1, 209, 0, 15, 2),
(624, '0150-018680', 'วสันต์', 'ภู่กลาง', 'WASPOO@SCG.COM', '0813708406', 1, 210, 0, 15, 2),
(625, '0150-017524', 'พิชิต', 'ทองแป้น', 'PICHITO@SCG.COM', '0810778923', 1, 211, 0, 15, 2),
(626, '0150-021893', 'วรวุฒิ', 'จันทมาศ', 'WORAVUJA@SCG.COM', '', 1, 212, 0, 11, 12),
(627, '0150-021827', 'ปรีชา', 'แก้วนิล', 'PREEKAEW@SCG.COM', '0817380086', 1, 213, 0, 11, 12),
(628, '0150-021947', 'ยิ่งยศ', 'ทุริสุทธิ์', 'YINGYOTT@SCG.COM', '0898965303', 1, 214, 0, 11, 12),
(629, '0150-021875', 'วิจิตร', 'พรมชะนะ', 'WIJIPR@SCG.COM', '0815350286', 1, 215, 0, 11, 12),
(630, '0150-021864', 'ศักดิ์ชาย', 'อามิตย์', 'SAKCHAYA@SCG.COM', '0851113992', 1, 216, 0, 11, 12),
(631, '0150-021821', 'วัชรินทร์', 'เกตุแก้ว', 'WATCHAKA@SCG.COM', '0815997469', 1, 217, 0, 11, 12),
(632, '0150-015905', 'พยุงศักดิ์', 'นิลมา', 'PAYUNGSN@SCG.COM', '0866911419', 1, 218, 0, 21, 2),
(633, '0150-017727', 'วรศรายุทธ', 'ทุมมากรณ์', 'WORASART@SCG.COM', '0819565427', 1, 218, 0, 21, 2),
(634, '0150-021733', 'กัมพล', 'ช่วยมาก', 'KAMPOCH@SCG.COM', '0896524781', 1, 219, 0, 11, 12),
(635, '0150-021867', 'ปรีชา', 'สุวรรณทวี', 'PREECSUW@SCG.COM', '0911644665', 1, 220, 0, 11, 12),
(636, '0150-021825', 'บุญฤทธิ์', 'ศรีเพ็ชร', 'BOONRITS@SCG.COM', '0899791027', 1, 221, 0, 11, 12),
(637, '0150-021874', 'วิศิษฎ์', 'สุกใส', 'VISISO@SCG.COM', '0880025327', 1, 222, 0, 11, 12),
(638, '0150-021829', 'จุมพล', 'ดวงใหญ่', 'JUMPHOND@SCG.COM', '0815350391', 1, 223, 0, 11, 12),
(639, '0150-021845', 'สมพร', 'รัตนพันธ์', 'SOMPORRA@SCG.COM', '0815350267', 1, 224, 0, 11, 12),
(640, '0150-021971', 'ชาคริต', 'ภูมิศิริสวัสดิ์', 'CHAKRITP@SCG.COM', '0898666830', 1, 225, 0, 11, 12),
(641, '0150-021851', 'ธำรงค์', 'อสงไขย์', 'TUMRONAS@SCG.COM', '0868956214', 1, 226, 0, 11, 12),
(642, '0150-021765', 'นัธทวัฒน์', 'สองทอง', 'NATTASON@SCG.COM', '0639361629', 1, 226, 0, 11, 12),
(643, '0150-021888', 'วีระศักดิ์', 'สังฆัสโร', 'WERASAKS@SCG.COM', '0818958992', 1, 226, 0, 11, 12),
(644, '0150-021967', 'รักษิต', 'ศรีเกตุ', 'LUCKSIKS@SCG.COM', '0979233418', 1, 226, 0, 11, 12),
(645, '0150-021866', 'ธนา', 'มานะชำนิ', 'THANMA@SCG.COM', '0898780998', 1, 227, 0, 11, 12),
(646, '0150-021871', 'โกวิทย์', 'ศรีโยธา', 'KOVITS@SCG.COM', '0898731817', 1, 227, 0, 11, 12),
(647, '0150-021760', 'ซักรีญา', 'ชูช่วยชีวิต', 'SUKREEYC@SCG.COM', '0878826554', 1, 227, 0, 11, 12),
(648, '0150-021786', 'สันติชัย', 'สุโขพล', 'SANTICSU@SCG.COM', '0936690311', 1, 227, 0, 11, 12),
(649, '0150-021960', 'วิไลลักษณ์', 'อินทกานนท์', 'WILAILAI@SCG.COM', '0972424063', 1, 227, 0, 11, 12),
(650, '0150-021900', 'ศิรวัฒน์', 'จรานนท์', 'SIRAWATJ@SCG.COM', '0847135442', 1, 228, 0, 11, 12),
(651, '0150-021869', 'เพิ่มศักดิ์', 'ชอบทำกิจ', 'PERMSAKC@SCG.COM', '0808814758', 1, 229, 0, 11, 12),
(652, '0150-021868', 'ประภาส', 'ไชยโย', 'PRAPARTC@SCG.COM', '0831693034', 1, 230, 0, 11, 12),
(653, '0150-021881', 'เอกนรินทร์', 'อินทร์ชุมนุม', 'AKNARINI@SCG.COM', '0894749134', 1, 231, 0, 11, 12),
(654, '0150-021889', 'พีระพล', 'สุขเกิด', 'PERAPONS@SCG.COM', '0818375368', 1, 232, 0, 11, 12),
(655, '0150-020718', 'กมลทิพย์', 'ขบวนสาร', 'KAMOLTIT@SCG.COM', '0818213040', 1, 233, 0, 15, 2),
(656, '0150-021823', 'ศิริพร', 'แก้วสวี', 'SIRIPOKA@SCG.COM', '0864915548', 1, 233, 0, 11, 12),
(657, '0150-021884', 'ฉันทยา', 'เฉลิมวงค์', 'CHANTCHA@SCG.COM', '0892973353', 1, 233, 0, 11, 12),
(658, '0150-021841', 'พวงทิพย์', 'ชูจักร์', 'PUANGTHS@SCG.COM', '0864887318', 1, 234, 0, 11, 12),
(659, '0150-021891', 'ดรุณี', 'วุฒิสันติกุล', 'DARUNEEW@SCG.COM', '0873984246', 1, 234, 0, 11, 12),
(660, '0150-021922', 'ชนาภา', 'นาถาวร', 'CANAPACH@SCG.COM', '0820754367', 1, 234, 0, 11, 12),
(661, '0150-021772', 'วิทยา', 'หนูสุวรรณ์', 'WITTAYNO@SCG.COM', '0941380191', 1, 235, 0, 11, 12),
(662, '0150-021897', 'สมพร', 'ปลอดสวัสดิ์', 'SOMPOPLO@SCG.COM', '0872956878', 1, 235, 0, 11, 12),
(663, '0150-021758', 'มะซากี', 'อาแว', 'MASAKEEA@SCG.COM', '0862868653', 1, 235, 0, 11, 12),
(664, '0150-021798', 'คทาวุธ', 'ช่วยมั่ง', 'KATAWUTC@SCG.COM', '0856286506', 1, 235, 0, 11, 12),
(665, '0150-021837', 'สมนึก', 'อุ้ยสาร', 'SOMNUUY@SCG.COM', '0880221262', 1, 235, 0, 11, 12),
(666, '0150-021904', 'นิยม', 'อิสรโชติ', 'NIYOMI@SCG.COM', '0917162549', 1, 235, 0, 11, 12),
(667, '0150-021745', 'ชยนันต์', 'รัตนบุรี', 'CHAYANAR@SCG.COM', '0825385293', 1, 235, 0, 11, 12),
(668, '0150-021751', 'ฉัตรชัย', 'สุวรรณรัตน์', 'CHATCSUW@SCG.COM', '0904911494', 1, 235, 0, 11, 12),
(669, '0150-021778', 'ธีรวัต', 'จอมชัยฤทธิ์', 'TERAWATJ@SCG.COM', '0993912515', 1, 236, 0, 11, 12),
(670, '0150-021920', 'ปริวรรต', 'ใจเพชร', 'PARIWATJ@SCG.COM', '0828323354', 1, 237, 0, 11, 12),
(671, '0150-018628', 'สุขศิริ', 'เอียดเกื้อ', 'SUKSIRII@SCG.COM', '0876236490', 1, 238, 0, 11, 12),
(672, '0150-021738', 'ฉัตรชัย', 'อุไรรัตน์', 'CHATCHAO@SCG.COM', '0869617159', 1, 239, 0, 11, 12),
(673, '0150-021730', 'สุรเชษฐ์', 'บุญทัศโร', 'SURACHBO@SCG.COM', '0846339987', 1, 240, 0, 11, 12),
(674, '0150-021762', 'มัซดีย์', 'ซาเฮาะ', 'MASDEESA@SCG.COM', '0950866336', 1, 241, 0, 11, 12),
(675, '0150-021752', 'จักรพรรดิ', 'แต๊ะเฮง', 'CHAKKRAT@SCG.COM', '0884446569', 1, 242, 0, 11, 12),
(676, '0150-021756', 'วุฒิชัย', 'หนูเจริญ', 'WUTTICNO@SCG.COM', '0862928971', 1, 243, 0, 11, 12),
(677, '0150-021755', 'อุทัย', 'ศรีสิน', 'UTHAISRI@SCG.COM', '0635419196', 1, 244, 0, 11, 12),
(678, '0150-021855', 'วชิร', 'ณ วงศ์', 'WACHIRNA@SCG.COM', '0899768884', 1, 245, 0, 11, 12),
(679, '0150-021761', 'ทัศนวรรณ', 'ขันภักดี', 'TUSSANKA@SCG.COM', '0891968788', 1, 246, 0, 11, 12),
(680, '0150-021776', 'ชัชวาล', 'สังฆวิจิตต์', 'CHATSANG@SCG.COM', '0824282541', 1, 246, 0, 11, 12),
(681, '0150-017895', 'จักริน', 'บัวเพชร', 'CHAKKARI@SCG.COM', '0895918139', 1, 247, 0, 11, 12),
(682, '0150-021740', 'ธนิสร', 'ชีวะเสรีชล', 'TNISOUNC@SCG.COM', '0889299161', 1, 248, 0, 11, 12),
(683, '0150-021878', 'สุธรรม', 'แก้วแสงอ่อน', 'SUTHAMK@SCG.COM', '0895979161', 1, 249, 0, 11, 12),
(684, '0150-021894', 'สมใจ', 'แวววันจิตร', 'SOMJAWE@SCG.COM', '0897326176', 1, 250, 0, 11, 12),
(685, '0150-021870', 'ธีระศักดิ์', 'ยอดระบำ', 'THEERASY@SCG.COM', '0818916479', 1, 251, 0, 11, 12),
(686, '0150-021836', 'สุภกิจ', 'ศิริเถาว์', 'SUPAKISI@SCG.COM', '', 1, 252, 0, 11, 12),
(687, '0150-021859', 'นิกร', 'สุริยนต์', 'NIKOSUR@SCG.COM', '0937536361', 1, 253, 0, 11, 12),
(688, '0150-021847', 'เดชา', 'พูลแก้ว', 'DACHAP@SCG.COM', '0614109172', 1, 254, 0, 11, 12),
(689, '0150-021863', 'ธีรพล', 'ช้างกลาง', 'TEERACHA@SCG.COM', '0817988148', 1, 255, 0, 11, 12),
(690, '0150-021731', 'วิโรจน์', 'อินทรสุวรรณ', 'VIROTEI@SCG.COM', '0845607360', 1, 256, 0, 11, 12),
(691, '0150-021901', 'กำธร', 'หนูจีน', 'KUMTORNN@SCG.COM', '0897370456', 1, 257, 0, 11, 12),
(692, '0150-021892', 'เอกสิทธิ์', 'มุลิกะบุตร', 'AEKASITM@SCG.COM', '0897297418', 1, 258, 0, 11, 12),
(693, '0150-021838', 'ทวีศักดิ์', 'รัตนคช', 'TAVEESAR@SCG.COM', '0954211467', 1, 259, 0, 11, 12),
(694, '0150-021890', 'มงคล', 'สุดสาย', 'MONGKOSU@SCG.COM', '0897266547', 1, 260, 0, 11, 12),
(695, '0150-021840', 'อุเทน', 'เครือบคนโท', 'UTRENK@SCG.COM', '0895892998', 1, 261, 0, 11, 12),
(696, '0150-021822', 'สุพจน์', 'สุริวงศ์', 'SUPSUR@SCG.COM', '0815356397', 1, 262, 0, 11, 12),
(697, '0150-021854', 'นิกร', 'นุ่นหยู่', 'NIKONN@SCG.COM', '0869428830', 1, 263, 0, 11, 12),
(698, '0150-021879', 'ชัยรัตน์', 'ขุนพานเพิง', 'CHAIRKUN@SCG.COM', '0818916873', 1, 264, 0, 11, 12),
(699, '0150-017598', 'สุรเชษฐ์', 'เรืองแก้ว', 'SURACHER@SCG.COM', '0819907608', 1, 265, 0, 0, 2),
(700, 'ADMIN001', 'ADMIN', NULL, NULL, NULL, 1, NULL, NULL, NULL, NULL),
(701, 'ADMIN001', 'ADMIN', '001', 'TEST@gmail.com', '09xxxxxxxx', 1, 0, 7, 0, 0);

-- --------------------------------------------------------

--
-- Table structure for table `division`
--

CREATE TABLE `division` (
  `id` int(11) NOT NULL,
  `name_division` varchar(100) DEFAULT NULL
) ENGINE=InnoDB DEFAULT CHARSET=utf8;

--
-- Dumping data for table `division`
--

INSERT INTO `division` (`id`, `name_division`) VALUES
(0, ''),
(1, 'Business Stakeholder Engagement'),
(2, 'Cement Plant TS'),
(3, 'Center of Excellence & Data Driven'),
(4, 'Co-Creation and Operation Development'),
(5, 'CSC South Area 1'),
(6, 'CSC South Area 2'),
(7, 'ID 4'),
(8, 'Maintenance Repair Overhaul'),
(9, 'Mechanical  Electrical  and Plumping Designs'),
(10, 'Mineral and Sourcing Business'),
(11, 'People Management -Green Solution Business'),
(12, 'Ready-Mixed Concrete Business'),
(13, 'Smart Green Business - Heavy Industrial'),
(14, 'Smart TP2M');

-- --------------------------------------------------------

--
-- Table structure for table `doingby`
--

CREATE TABLE `doingby` (
  `id` int(11) NOT NULL,
  `name_doingby` varchar(45) DEFAULT NULL
) ENGINE=InnoDB DEFAULT CHARSET=utf8;

--
-- Dumping data for table `doingby`
--

INSERT INTO `doingby` (`id`, `name_doingby`) VALUES
(0, 'ยังไม่ระบุ'),
(1, 'Self Development'),
(2, 'ID4 Develop'),
(3, 'IT Develop'),
(4, ' Outsource'),
(5, 'Student Internship'),
(6, 'other');

-- --------------------------------------------------------

--
-- Table structure for table `emailreqtoapprover`
--

CREATE TABLE `emailreqtoapprover` (
  `id` int(11) NOT NULL,
  `topic_toapprover` varchar(45) DEFAULT NULL,
  `email_toapprover` varchar(100) DEFAULT NULL,
  `detail_toapprover` varchar(200) DEFAULT NULL,
  `projectmanagetment_id` int(11) DEFAULT NULL
) ENGINE=InnoDB DEFAULT CHARSET=utf8;

--
-- Dumping data for table `emailreqtoapprover`
--

INSERT INTO `emailreqtoapprover` (`id`, `topic_toapprover`, `email_toapprover`, `detail_toapprover`, `projectmanagetment_id`) VALUES
(36, 'test_01', 'sgame115500@gmail.com', 'test_01', 141),
(37, 'ss', 'sgame115500@gmail.com', 'ss', 142),
(38, 'sss', 'sgame115500@gmail.com', 'aaa', 143),
(39, 'ฟฟ', 'sgame115500@gmail.com', 'ฟฟ', 144),
(40, 'ฟฟ', 'sgame115500@gmail.com', 'ฟฟ', 145),
(41, 'ฟฟ', 'EKKAPHOM@SCG.COM', 'ำำำ', 146),
(42, 'tt', 'sgame115500@gmail.com', 'ttt', 147);

-- --------------------------------------------------------

--
-- Table structure for table `excute`
--

CREATE TABLE `excute` (
  `id` int(11) NOT NULL,
  `Approvals_id` int(11) DEFAULT NULL
) ENGINE=InnoDB DEFAULT CHARSET=utf8;

--
-- Dumping data for table `excute`
--

INSERT INTO `excute` (`id`, `Approvals_id`) VALUES
(34, 53),
(33, 54),
(32, 55),
(31, 56),
(30, 57),
(29, 58),
(28, 59);

-- --------------------------------------------------------

--
-- Table structure for table `history`
--

CREATE TABLE `history` (
  `id` int(11) NOT NULL,
  `reason_history` varchar(200) DEFAULT NULL,
  `deletetime_history` datetime DEFAULT NULL,
  `processname_history` varchar(45) DEFAULT NULL,
  `startdate_history` date DEFAULT NULL,
  `enddate_history` date DEFAULT NULL,
  `painpoint_history` varchar(200) DEFAULT NULL,
  `description_history` varchar(200) DEFAULT NULL,
  `results_benefit_history` varchar(200) DEFAULT NULL,
  `exclusion_constraints_history` varchar(200) DEFAULT NULL,
  `work_flow_history` varchar(45) DEFAULT NULL,
  `extract_file_history` varchar(45) DEFAULT NULL,
  `admin_id` int(11) DEFAULT NULL,
  `approver_id` int(11) DEFAULT NULL,
  `user_id` int(11) DEFAULT NULL,
  `tobe_id` int(11) DEFAULT NULL,
  `asis_id` int(11) DEFAULT NULL,
  `doingby_id` int(11) DEFAULT NULL,
  `budget_id` int(11) DEFAULT NULL
) ENGINE=InnoDB DEFAULT CHARSET=utf8;

--
-- Dumping data for table `history`
--

INSERT INTO `history` (`id`, `reason_history`, `deletetime_history`, `processname_history`, `startdate_history`, `enddate_history`, `painpoint_history`, `description_history`, `results_benefit_history`, `exclusion_constraints_history`, `work_flow_history`, `extract_file_history`, `admin_id`, `approver_id`, `user_id`, `tobe_id`, `asis_id`, `doingby_id`, `budget_id`) VALUES
(4, 'testttttttttttttttttttttt', '2023-03-01 09:50:54', NULL, NULL, NULL, NULL, NULL, NULL, NULL, NULL, NULL, NULL, NULL, NULL, NULL, NULL, NULL, NULL),
(5, 'testttttttttttttttttttttttt', '2023-03-01 13:29:45', NULL, NULL, NULL, NULL, NULL, NULL, NULL, NULL, NULL, NULL, NULL, NULL, NULL, NULL, NULL, NULL);

-- --------------------------------------------------------

--
-- Table structure for table `historyreject`
--

CREATE TABLE `historyreject` (
  `id` int(11) NOT NULL,
  `rejecttime_historyreject` date DEFAULT NULL,
  `reason_historyreject` varchar(200) DEFAULT NULL,
  `processname_historyreject` varchar(45) DEFAULT NULL,
  `startdate_historyreject` date DEFAULT NULL,
  `enddate_historyreject` date DEFAULT NULL,
  `painpoint_historyreject` varchar(200) DEFAULT NULL,
  `description_historyreject` varchar(200) DEFAULT NULL,
  `results_benefit_historyreject` varchar(200) DEFAULT NULL,
  `exclusion_constraints_historyreject` varchar(200) DEFAULT NULL,
  `work_flow_historyreject` varchar(45) DEFAULT NULL,
  `extract_file_historyreject` varchar(45) DEFAULT NULL,
  `admin_id` int(11) DEFAULT NULL,
  `approver_id` int(11) DEFAULT NULL,
  `user_id` int(11) DEFAULT NULL,
  `tobe_id` int(11) DEFAULT NULL,
  `asis_id` int(11) DEFAULT NULL,
  `doingby_id` int(11) DEFAULT NULL,
  `budget_id` int(11) DEFAULT NULL
) ENGINE=InnoDB DEFAULT CHARSET=utf8;

-- --------------------------------------------------------

--
-- Table structure for table `implement`
--

CREATE TABLE `implement` (
  `id` int(11) NOT NULL,
  `email_implement` varchar(45) DEFAULT NULL,
  `topic_implement` varchar(45) DEFAULT NULL,
  `detail_implement` varchar(200) DEFAULT NULL,
  `id_excute` int(11) DEFAULT NULL
) ENGINE=InnoDB DEFAULT CHARSET=utf8;

-- --------------------------------------------------------

--
-- Table structure for table `login`
--

CREATE TABLE `login` (
  `id` int(11) NOT NULL,
  `username` varchar(45) DEFAULT NULL,
  `password` varchar(45) DEFAULT NULL,
  `role_id` int(11) DEFAULT NULL
) ENGINE=InnoDB DEFAULT CHARSET=utf8;

--
-- Dumping data for table `login`
--

INSERT INTO `login` (`id`, `username`, `password`, `role_id`) VALUES
(1, '0150-019587', '0922508662', 3),
(2, '0150-021831', '0880883071', 2),
(3, '0150-021909', '0831693039', 3),
(4, '0150-021906', '0831693033', 3),
(5, '0150-021963', '0847003493', 3),
(6, '0150-021910', '0831693427', 3),
(7, '0150-022073', '0984722910', 2),
(8, '0150-022072', '0817601445', 2),
(9, '0150-022087', '0819199803', 2),
(10, '0150-022074', '0982514692', 2),
(11, '0150-021734', '0815365956', 2),
(12, '0150-021877', '0818979848', 2),
(13, '0150-021743', '0980611038', 3),
(14, '0150-021748', '0835026376', 3),
(15, '0150-021797', '0808876368', 3),
(16, '0150-021737', '0869671193', 3),
(17, '0150-021749', '0870515090', 3),
(18, '0150-020205', '0895878003', 3),
(19, '0150-020594', '0827764448', 3),
(20, '0150-020686', '0838048391', 3),
(21, '0150-020927', '0836906692', 3),
(22, '0150-021616', '0836439708', 3),
(23, '0150-021667', '0892405241', 3),
(24, '0150-019559', '0872778456', 3),
(25, '0150-021940', '0950354190', 2),
(26, '0150-015177', '0910433447', 2),
(27, '0150-015842', '0918258976', 2),
(28, '0150-018564', '0897240995', 2),
(29, '0150-019505', '0946761229', 2),
(30, '0150-021872', '0812702686', 2),
(31, '0150-021873', '0880025218', 2),
(32, '0150-020421', '0862731493', 3),
(33, '0150-021710', '0859931603', 2),
(34, '0150-021604', '0819682563', 2),
(35, '0150-021933', '0800692366', 2),
(36, '0150-018592', '0856918861', 2),
(37, '0150-020901', '0621856553', 3),
(38, '0150-020490', '0631478551', 3),
(39, '0150-023177', '0816416667', 3),
(40, '0150-021941', '0817359178', 2),
(41, '0150-022066', '0817545102', 2),
(42, '0150-022075', '0818759398', 2),
(43, '0150-016440', '', 2),
(44, '0150-021927', '0875359629', 2),
(45, '0150-021948', '0639193989', 2),
(46, '0150-018788', '0894735912', 2),
(47, '0150-021346', '0936582828', 3),
(48, '0150-020573', '0848894057', 3),
(49, '0150-020575', '0841174193', 3),
(50, '0150-020684', '0945793444', 3),
(51, '0150-020765', '0950281713', 3),
(52, '0150-020917', '0828189761', 3),
(53, '0150-020919', '0831021298', 3),
(54, '0150-020924', '0831849773', 3),
(55, '0150-020926', '0874711591', 3),
(56, '0150-021163', '0945761073', 3),
(57, '0150-021194', '0909298072', 3),
(58, '0150-017639', '0892051400', 3),
(59, '0150-019037', '0840627157', 3),
(60, '0150-019468', '0877085304', 3),
(61, '0150-019552', '0874842915', 3),
(62, '0150-020506', '0868025804', 3),
(63, '0150-020498', '0878932546', 3),
(64, '0150-020576', '0812762738', 3),
(65, '0150-020768', '0894685472', 3),
(66, '0150-020769', '0858839629', 3),
(67, '0150-020837', '0898162723', 3),
(68, '0150-020929', '0807198446', 3),
(69, '0150-020920', '0828103897', 3),
(70, '0150-020948', '0817579297', 3),
(71, '0150-021164', '0937935495', 3),
(72, '0150-021167', '0937152523', 3),
(73, '0150-021659', '', 3),
(74, '0150-018699', '0817372733', 3),
(75, '0150-018797', '0810837130', 3),
(76, '0150-020562', '0834945439', 3),
(77, '0150-020459', '0857872978', 3),
(78, '0150-020499', '0862749688', 3),
(79, '0150-020574', '0937386519', 3),
(80, '0150-020921', '0873840425', 3),
(81, '0150-021171', '0937713461', 3),
(82, '0150-021172', '0935847903', 3),
(83, '0150-021175', '0833931485', 3),
(84, '0150-018199', '0865163063', 3),
(85, '0150-018712', '0887605897', 3),
(86, '0150-019467', '0800408281', 3),
(87, '0150-019534', '0617123158', 3),
(88, '0150-019641', '0817977593', 3),
(89, '0150-019512', '0862661593', 2),
(90, '0150-019465', '0839844498', 2),
(91, '0150-019426', '0897262697', 2),
(92, '0150-022067', '0999642404', 3),
(93, '0150-019673', '0812731760', 2),
(94, '0150-020206', '0815998054', 3),
(95, '0150-021427', '0894639155', 3),
(96, '0150-021628', '0937690920', 3),
(97, '0150-021931', '0922234390', 2),
(98, '0150-021726', '0897791562', 2),
(99, '0150-021728', '0898965297', 2),
(100, '0150-021729', '0898730437', 2),
(101, '0150-021932', '0863805678', 2),
(102, '0150-021800', '0898105635', 2),
(103, '0150-021724', '0619535922', 2),
(104, '0150-017599', '0862836164', 2),
(105, '0150-020500', '0937170630', 3),
(106, '0150-020625', '0831959682', 3),
(107, '0150-020766', '0836340234', 3),
(108, '0150-020922', '0855804412', 3),
(109, '0150-020923', '0899764563', 3),
(110, '0150-020925', '0887848748', 3),
(111, '0150-021173', '0824372578', 3),
(112, '0150-021185', '0937142599', 3),
(113, '0150-021430', '0897354278', 3),
(114, '0150-021615', '0937163095', 3),
(115, '0150-021633', '0876519443', 3),
(116, '0150-018636', '0831726214', 3),
(117, '0150-019508', '0857877945', 3),
(118, '0150-020714', '0814795878', 3),
(119, '0150-020455', '0937837571', 3),
(120, '0150-020577', '0910340994', 3),
(121, '0150-020622', '0822671132', 3),
(122, '0150-020669', '0635927767', 3),
(123, '0150-020670', '0904923326', 3),
(124, '0150-020687', '0828026271', 3),
(125, '0150-020835', '0917133393', 3),
(126, '0150-021165', '0980285843', 3),
(127, '0150-017819', '0987038192', 3),
(128, '0150-018589', '0899708917', 3),
(129, '0150-018639', '0810882236', 3),
(130, '0150-018858', '0817194606', 3),
(131, '0150-019245', '0895877025', 3),
(132, '0150-019351', '0801438695', 3),
(133, '0150-020938', '0801424675', 3),
(134, '0150-021669', '0810888211', 3),
(135, '0150-021670', '0884439223', 3),
(136, '0150-021671', '0872996770', 3),
(137, '0150-021672', '0857974533', 3),
(138, '0150-021675', '0966362841', 3),
(139, '0150-021680', '0858923513', 3),
(140, '0150-021681', '0869664876', 3),
(141, '0150-021684', '0836397421', 3),
(142, '0150-021685', '0836063925', 3),
(143, '0150-020496', '0918266860', 3),
(144, '0150-020685', '0887611461', 3),
(145, '0150-020763', '0825390205', 3),
(146, '0150-020771', '0612022689', 3),
(147, '0150-020820', '0968808446', 3),
(148, '0150-020836', '0887606754', 3),
(149, '0150-021652', '0847124601', 3),
(150, '0150-021668', '0844452923', 3),
(151, '0150-019470', '0866909764', 2),
(152, '0150-019462', '0836509452', 2),
(153, '0150-017525', '0855765568', 2),
(154, '0150-019582', '0854719003', 2),
(155, '0150-019583', '0835018414', 2),
(156, '0150-021720', '0817663949', 2),
(157, '0150-022069', '0865085798', 2),
(158, '0150-014997', '0986945625', 2),
(159, '0150-013223', '0817378588', 2),
(160, '0150-015909', '0926944539', 2),
(161, '0150-018673', '0817370097', 2),
(162, '0150-020774', '0910344525', 3),
(163, '0150-017523', '0613659335', 3),
(164, '0150-020561', '0808302771', 2),
(165, '0150-021601', '0849629301', 2),
(166, '0150-021642', '0869636848', 2),
(167, '0150-021980', '0654465915', 2),
(168, '0150-020843', '0842901596', 3),
(169, '0150-021664', '0892918822', 3),
(170, '0150-019355', '0840594605', 2),
(171, '0150-014472', '0908961556', 2),
(172, '0150-021634', '0907098420', 2),
(173, '0150-021644', '0894721848', 2),
(174, '0150-021702', '0817506872', 2),
(175, '0150-021723', '0860890465', 2),
(176, '0150-021943', '0875440516', 2),
(177, '0150-021944', '0872752990', 2),
(178, '0150-018273', '0817879456', 2),
(179, '0150-015911', '0815975380', 2),
(180, '0150-012508', '0924094119', 2),
(181, '0150-013365', '0810836565', 2),
(182, '0150-015120', '0817327769', 2),
(183, '0150-015907', '0818935460', 2),
(184, '0150-016817', '0819681284', 2),
(185, '0150-018631', '0864871253', 2),
(186, '0150-019507', '0823659493', 2),
(187, '0150-019644', '0815831221', 2),
(188, '0150-015227', '0813704709', 2),
(189, '0150-018093', '0910408886', 2),
(190, '0150-020161', '0866902637', 3),
(191, '0150-020786', '0876241153', 3),
(192, '0150-021976', '0887561558', 3),
(193, '0150-018590', '0875865678', 3),
(194, '0150-018723', '0950153180', 3),
(195, '0150-022080', '0816263788', 2),
(196, '0150-012998', '0895873955', 2),
(197, '0150-020493', '0935813396', 3),
(198, '0150-021699', '0843089555', 3),
(199, '0150-020207', '0849674855', 3),
(200, '0150-019421', '0819682991', 2),
(201, '0150-018671', '0817370299', 2),
(202, '0150-020778', '0894276248', 3),
(203, '0150-019339', '0817370100', 3),
(204, '0150-019461', '0611767878', 3),
(205, '0150-019338', '0817881652', 2),
(206, '0150-016714', '0836917890', 2),
(207, '0150-019511', '0828063261', 2),
(208, '0150-020200', '0858844070', 3),
(209, '0150-018889', '0817370344', 2),
(210, '0150-015902', '0622956398', 2),
(211, '0150-020477', '0858880064', 3),
(212, '0150-021682', '0952682318', 2),
(213, '0150-020475', '0800410499', 3),
(214, '0150-017521', '0844483888', 2),
(215, '0150-019036', '0830806088', 2),
(216, '0150-020181', '0862790863', 3),
(217, '0150-020474', '0836573203', 3),
(218, '0150-020478', '0869928110', 3),
(219, '0150-020507', '0872808476', 3),
(220, '0150-020578', '0867486569', 3),
(221, '0150-020579', '0844461890', 3),
(222, '0150-020623', '0910434512', 3),
(223, '0150-021176', '0847487346', 3),
(224, '0150-021177', '0936509712', 3),
(225, '0150-021181', '0824351352', 3),
(226, '0150-021440', '0867464493', 3),
(227, '0150-021614', '0888325915', 3),
(228, '0150-021627', '0907104113', 3),
(229, '0150-021683', '0987161598', 3),
(230, '0150-021686', '0986717334', 3),
(231, '0150-021700', '0980922774', 3),
(232, '0150-018674', '0824157789', 3),
(233, '0150-018892', '0817198757', 3),
(234, '0150-019346', '0636121377', 3),
(235, '0150-019533', '0957949452', 3),
(236, '0150-021222', '0855852667', 2),
(237, '0150-021635', '0805415735', 2),
(238, '0150-021719', '0872547701', 2),
(239, '0150-021981', '0939199303', 2),
(240, '0150-021974', '0846306806', 2),
(241, '0150-021945', '0831904794', 2),
(242, '0150-021946', '0917781040', 2),
(243, '0150-021636', '0950408546', 2),
(244, '0150-021954', '0849553859', 2),
(245, '0150-021979', '0858891959', 2),
(246, '0150-016818', '0826199288', 2),
(247, '0150-022078', '0632150332', 2),
(248, '0150-015057', '0899094997', 2),
(249, '0150-020488', '0895868252', 3),
(250, '0150-020675', '0801438885', 3),
(251, '0150-020676', '0622249413', 3),
(252, '0150-018486', '0918461939', 3),
(253, '0150-019551', '0812739837', 3),
(254, '0150-021908', '0901978971', 2),
(255, '0150-021969', '0846997268', 2),
(256, '0150-013776', '0989359149', 2),
(257, '0150-014936', '0819688817', 2),
(258, '0150-013529', '0819681893', 2),
(259, '0150-020781', '0653629829', 3),
(260, '0150-015906', '0857984366', 2),
(261, '0150-019422', '0813678759', 2),
(262, '0150-020928', '0806479758', 3),
(263, '0150-020946', '0996282825', 3),
(264, '0150-021169', '0950162111', 3),
(265, '0150-021170', '0907156553', 3),
(266, '0150-021190', '0980103523', 3),
(267, '0150-016813', '0887501318', 3),
(268, '0150-018536', '0816066453', 3),
(269, '0150-018567', '0806614952', 3),
(270, '0150-017602', '0815395113', 2),
(271, '0150-022093', '0899265143', 2),
(272, '0150-020139', '0850696636', 2),
(273, '0150-020931', '0887614229', 3),
(274, '0150-018591', '0857898085', 3),
(275, '0150-018896', '0872812953', 2),
(276, '0150-022002', '0868870505', 2),
(277, '0150-022003', '0619363516', 2),
(278, '0150-022004', '0897577799', 2),
(279, '0150-022005', '0917808443', 2),
(280, '0150-022006', '', 2),
(281, '0150-020472', '0935839726', 3),
(282, '0150-019350', '0968821050', 3),
(283, '0150-019506', '0895888663', 2),
(284, '0150-018487', '0866905250', 2),
(285, '0150-022076', '0864032577', 2),
(286, '0150-022079', '0891137072', 2),
(287, '0150-020871', '0954122869', 3),
(288, '0150-020586', '0857916043', 3),
(289, '0150-018722', '0935835086', 3),
(290, '0150-019553', '0826541696', 2),
(291, '0150-021820', '0815411718', 2),
(292, '0150-021907', '0818670650', 2),
(293, '0150-022083', '0614165293', 2),
(294, '0150-016713', '0819687536', 2),
(295, '0150-019536', '0848450564', 2),
(296, '0150-021184', '0809911421', 3),
(297, '0150-021620', '0876242599', 3),
(298, '0150-013935', '0945831872', 2),
(299, '0150-016814', '0810902879', 2),
(300, '0150-021610', '0860972276', 3),
(301, '0150-021677', '0833908421', 3),
(302, '0150-021678', '0887847435', 3),
(303, '0150-019531', '0887536187', 3),
(304, '0150-019645', '0899718101', 3),
(305, '0150-020646', '0848445195', 3),
(306, '0150-018715', '0813745158', 3),
(307, '0150-018716', '0935834983', 3),
(308, '0150-019423', '0827410313', 3),
(309, '0150-017149', '0872715684', 2),
(310, '0150-017985', '0898741958', 2),
(311, '0150-020138', '0808761938', 3),
(312, '0150-020208', '0815355449', 3),
(313, '0150-020580', '0801476843', 3),
(314, '0150-021630', '0998137033', 3),
(315, '0150-020254', '0625965362', 3),
(316, '0150-020473', '0655255056', 3),
(317, '0150-019530', '0620690606', 2),
(318, '0150-019464', '0952673205', 3),
(319, '0150-015121', '0894698533', 2),
(320, '0150-018588', '0890025462', 3),
(321, '0150-021180', '0987291387', 3),
(322, '0150-019584', '0815353334', 2),
(323, '0150-019510', '0611989667', 3),
(324, '0150-020199', '0887535439', 3),
(325, '0150-020373', '0846301445', 3),
(326, '0150-020476', '0908736073', 3),
(327, '0150-020581', '0813542248', 3),
(328, '0150-020583', '0630826900', 3),
(329, '0150-020590', '0887909966', 3),
(330, '0150-020671', '0857927090', 3),
(331, '0150-020672', '0939212304', 3),
(332, '0150-020689', '0808809789', 3),
(333, '0150-020773', '0874764710', 3),
(334, '0150-020776', '0973595548', 3),
(335, '0150-020777', '0936324259', 3),
(336, '0150-020844', '0848449494', 3),
(337, '0150-020930', '0835120089', 3),
(338, '0150-020933', '0898741825', 3),
(339, '0150-021439', '0861204674', 3),
(340, '0150-021426', '0836516559', 3),
(341, '0150-021621', '0635299629', 3),
(342, '0150-021629', '0980697099', 3),
(343, '0150-021679', '0887606149', 3),
(344, '0150-015910', '0813701297', 3),
(345, '0150-016715', '0949359498', 3),
(346, '0150-019471', '0936355544', 3),
(347, '0150-019585', '0935804364', 3),
(348, '0150-016807', '0898667329', 2),
(349, '0150-020202', '0815362977', 3),
(350, '0150-020383', '0810985664', 3),
(351, '0150-020780', '0869496260', 3),
(352, '0150-020782', '0872760411', 3),
(353, '0150-020934', '0846329744', 3),
(354, '0150-020935', '0611849380', 3),
(355, '0150-021433', '0828106014', 3),
(356, '0150-021434', '0824404855', 3),
(357, '0150-017518', '0865819756', 3),
(358, '0150-019341', '0942058239', 3),
(359, '0150-017516', '0898955385', 2),
(360, '0150-017879', '0967376228', 2),
(361, '0150-017653', '0878961340', 2),
(362, '0150-020593', '0833885662', 3),
(363, '0150-020784', '0832452493', 3),
(364, '0150-021196', '0939265395', 3),
(365, '0150-021618', '0806907187', 3),
(366, '0150-017880', '0848517650', 3),
(367, '0150-018238', '0878913099', 3),
(368, '0150-018566', '0813674533', 3),
(369, '0150-019349', '0813264845', 3),
(370, '0150-019430', '0899717062', 3),
(371, '0150-019651', '0896461186', 3),
(372, '0150-018095', '0862818467', 2),
(373, '0150-020201', '0862716764', 3),
(374, '0150-020409', '0884484358', 3),
(375, '0150-020420', '0810849491', 3),
(376, '0150-020479', '0831732836', 3),
(377, '0150-020592', '0857946699', 3),
(378, '0150-020785', '0844430976', 3),
(379, '0150-021191', '0856556960', 3),
(380, '0150-021632', '0622100804', 3),
(381, '0150-021651', '0801125391', 3),
(382, '0150-017605', '0896469015', 3),
(383, '0150-018672', '0960599225', 3),
(384, '0150-018799', '0818935967', 3),
(385, '0150-017729', '0954296535', 2),
(386, '0150-019539', '0818932927', 2),
(387, '0150-019344', '0810857072', 2),
(388, '0150-020460', '0993195549', 3),
(389, '0150-020584', '0869450499', 3),
(390, '0150-020690', '0822870782', 3),
(391, '0150-020783', '0954108055', 3),
(392, '0150-021195', '0857933717', 3),
(393, '0150-021438', '0937611160', 3),
(394, '0150-018447', '0924562617', 3),
(395, '0150-019354', '0908896495', 3),
(396, '0150-018798', '0817871870', 2),
(397, '0150-022091', '0898714607', 2),
(398, '0150-021937', '0849086411', 2),
(399, '0150-021955', '0804593556', 2),
(400, '0150-019557', '0818952723', 2),
(401, '0150-021428', '0955952908', 3),
(402, '0150-021942', '0864871154', 3),
(403, '0150-021957', '0982615004', 3),
(404, '0150-021964', '0954282569', 3),
(405, '0150-021806', '0896162247', 3),
(406, '0150-021961', '0901690278', 3),
(407, '0150-021799', '0874178810', 3),
(408, '0150-021965', '0840683490', 3),
(409, '0150-021936', '0645940900', 3),
(410, '0150-021928', '0839636464', 3),
(411, '0150-021951', '0629645991', 3),
(412, '0150-021992', '0873209949', 2),
(413, '0150-022092', '0818909212', 2),
(414, '0150-017528', '0840444001', 2),
(415, '0150-012783', '0898685109', 2),
(416, '0150-021721', '0955942545', 2),
(417, '0150-020204', '0854705625', 3),
(418, '0150-021962', '0863324263', 3),
(419, '0150-021966', '0892014423', 3),
(420, '0150-021972', '0910494263', 3),
(421, '0150-020949', '0800110109', 3),
(422, '0150-021435', '0958890706', 3),
(423, '0150-021691', '0807165837', 3),
(424, '0150-021935', '0933207879', 3),
(425, '0150-019640', '0860588125', 3),
(426, '0150-019647', '0923535649', 3),
(427, '0150-022077', '0818835124', 2),
(428, '0150-021921', '0812872245', 2),
(429, '0150-020267', '0908892544', 3),
(430, '0150-020770', '0641988184', 3),
(431, '0150-021197', '0973263239', 3),
(432, '0150-021698', '0862841364', 3),
(433, '0150-018430', '0952616928', 3),
(434, '0150-021934', '0897712077', 2),
(435, '0150-020480', '0994929494', 3),
(436, '0150-021020', '0892874608', 2),
(437, '0150-021198', '0918261569', 3),
(438, '0150-021622', '0624649147', 3),
(439, '0150-014934', '0817872047', 2),
(440, '0150-012777', '0872639578', 2),
(441, '0150-020389', '0899017755', 2),
(442, '0150-021988', '0831776256', 2),
(443, '0150-021989', '0650529666', 2),
(444, '0150-021990', '0819914625', 2),
(445, '0150-021993', '0864033411', 2),
(446, '0150-021994', '0827345647', 2),
(447, '0150-021997', '', 2),
(448, '0150-021998', '', 2),
(449, '0150-021999', '0611872030', 2),
(450, '0150-022000', '', 2),
(451, '0150-022070', '0819079443', 2),
(452, '0150-021887', '0866863989', 2),
(453, '0150-021832', '0657192259', 2),
(454, '0150-021839', '0954106269', 2),
(455, '0150-021896', '0800838677', 2),
(456, '0150-021883', '0831693432', 2),
(457, '0150-021895', '0847310896', 2),
(458, '0150-021833', '0898730429', 2),
(459, '0150-021852', '0836480359', 2),
(460, '0150-021903', '0888742835', 2),
(461, '0150-020457', '0895979293', 3),
(462, '0150-021767', '0913243029', 3),
(463, '0150-021770', '0625422453', 3),
(464, '0150-021824', '0954292795', 3),
(465, '0150-021882', '0898697417', 3),
(466, '0150-019586', '0896523508', 3),
(467, '0150-021701', '0872798955', 3),
(468, '0150-021742', '0833983441', 3),
(469, '0150-021746', '0987268299', 3),
(470, '0150-021753', '0887610574', 3),
(471, '0150-021763', '0897248699', 3),
(472, '0150-021764', '0954292402', 3),
(473, '0150-021780', '0887816035', 3),
(474, '0150-021781', '0626295395', 3),
(475, '0150-021885', '0898726973', 3),
(476, '0150-020502', '0866932543', 3),
(477, '0150-020932', '0894669622', 3),
(478, '0150-021166', '0914594498', 3),
(479, '0150-021192', '0645977700', 3),
(480, '0150-021768', '0869616300', 3),
(481, '0150-021769', '0935753712', 3),
(482, '0150-021857', '0910466369', 3),
(483, '0150-021970', '0859115913', 3),
(484, '0150-021694', '0645796854', 3),
(485, '0150-021754', '0657192260', 3),
(486, '0150-021782', '0612495694', 3),
(487, '0150-021856', '0632278518', 3),
(488, '0150-021861', '0861203002', 3),
(489, '0150-021188', '0954183885', 3),
(490, '0150-021625', '0808895938', 3),
(491, '0150-021696', '0931874294', 3),
(492, '0150-021744', '0863820700', 3),
(493, '0150-021759', '0801441442', 3),
(494, '0150-021771', '0848893880', 3),
(495, '0150-021950', '0844463834', 3),
(496, '0150-017865', '0818501238', 2),
(497, '0150-020059', '0871162047', 2),
(498, '0150-021876', '0815428059', 2),
(499, '0150-021830', '0815376919', 2),
(500, '0150-021846', '0898730435', 2),
(501, '0150-021952', '0819047966', 2),
(502, '0150-015543', '0816582701', 2),
(503, '0150-020591', '0944967488', 3),
(504, '0150-017731', '0812726254', 3),
(505, '0150-020394', '0629302389', 3),
(506, '0150-020456', '0619821651', 3),
(507, '0150-020585', '0872887291', 3),
(508, '0150-021186', '0805962488', 3),
(509, '0150-021423', '0897327349', 3),
(510, '0150-021421', '0835383295', 3),
(511, '0150-021431', '0880667877', 3),
(512, '0150-021429', '0864871246', 3),
(513, '0150-021692', '0872644794', 3),
(514, '0150-021693', '0917634222', 3),
(515, '0150-018794', '0917477165', 3),
(516, '0150-018856', '0980863864', 3),
(517, '0150-019650', '0835253579', 3),
(518, '0150-019458', '0857870183', 2),
(519, '0150-017986', '0818939122', 2),
(520, '0150-021736', '0655199789', 2),
(521, '0150-021654', '0972868777', 2),
(522, '0150-021987', '0625353914', 2),
(523, '0150-021991', '0842094705', 2),
(524, '0150-021995', '0891712972', 2),
(525, '0150-021996', '0806687595', 2),
(526, '0150-022001', '', 2),
(527, '0150-022071', '0830034680', 2),
(528, '0150-020838', '0918691231', 3),
(529, '0150-020940', '0918208045', 3),
(530, '0150-020916', '0808610519', 3),
(531, '0150-021193', '0805417627', 3),
(532, '0150-021436', '0985993811', 3),
(533, '0150-019343', '0898683456', 3),
(534, '0150-019429', '0936496688', 3),
(535, '0150-019588', '0898679769', 3),
(536, '0150-014436', '0815357220', 2),
(537, '0150-019469', '0808221498', 2),
(538, '0150-022082', '0898956455', 2),
(539, '0150-022088', '0818676303', 2),
(540, '0150-021735', '0818905863', 2),
(541, '0150-021899', '0817360236', 2),
(542, '0150-021924', '0964428878', 2),
(543, '0150-021842', '0817380098', 2),
(544, '0150-021848', '0815367633', 2),
(545, '0150-021844', '0898731817', 2),
(546, '0150-021850', '0655944919', 3),
(547, '0150-021959', '0931319441', 3),
(548, '0150-021739', '0818978838', 3),
(549, '0150-021886', '0815439440', 3),
(550, '0150-021925', '0869455668', 3),
(551, '0150-021973', '0951379525', 3),
(552, '0150-015544', '0898713172', 2),
(553, '0150-021843', '0899736113', 2),
(554, '0150-021865', '0880025223', 2),
(555, '0150-021773', '0992865841', 2),
(556, '0150-021732', '0899791349', 2),
(557, '0150-020193', '0653532639', 2),
(558, '0150-022099', '0819515323', 2),
(559, '0150-021662', '0818537736', 2),
(560, '0150-021709', '0857494070', 2),
(561, '0150-021707', '0985615965', 2),
(562, '0150-022095', '0818519732', 2),
(563, '0150-022096', '0892929191', 2),
(564, '0150-016944', '0895006210', 2),
(565, '0150-021609', '0938985598', 2),
(566, '0150-022068', '0813999168', 2),
(567, '0150-022097', '0819943900', 2),
(568, '0150-022098', '0909788809', 2),
(569, '0150-019389', '0954832266', 2),
(570, '0150-022094', '0892017165', 2),
(571, '0150-016815', '0898685027', 2),
(572, '0150-019509', '0955539178', 2),
(573, '0150-019345', '0808901073', 2),
(574, '0150-020501', '0813701832', 3),
(575, '0150-021425', '0945421454', 3),
(576, '0150-020688', '0872759309', 3),
(577, '0150-020821', '0909450996', 3),
(578, '0150-015678', '0872639790', 2),
(579, '0150-020936', '0843239473', 3),
(580, '0150-021437', '0874626147', 3),
(581, '0150-018679', '0899708998', 2),
(582, '0150-020673', '0828215488', 3),
(583, '0150-021695', '0622092770', 3),
(584, '0150-017719', '0851984676', 3),
(585, '0150-017660', '0887685109', 3),
(586, '0150-018096', '0973618024', 3),
(587, '0150-018595', '0894709177', 3),
(588, '0150-018633', '0857980033', 3),
(589, '0150-019353', '0849950514', 3),
(590, '0150-018796', '0848500427', 3),
(591, '0150-022065', '0894300255', 2),
(592, '0150-022081', '0898065339', 2),
(593, '0150-017728', '0812733601', 2),
(594, '0150-020426', '0816467775', 3),
(595, '0150-021612', '0861206379', 3),
(596, '0150-021623', '0806484781', 3),
(597, '0150-022090', '0813729438', 2),
(598, '0150-022089', '0845558643', 2),
(599, '0150-018890', '0819790097', 2),
(600, '0150-020492', '0808924402', 3),
(601, '0150-020775', '0952569983', 3),
(602, '0150-012525', '0897293679', 2),
(603, '0150-020374', '0894706335', 3),
(604, '0150-020767', '0805433176', 3),
(605, '0150-020950', '0937241141', 3),
(606, '0150-021199', '0842926388', 3),
(607, '0150-021750', '0897354494', 3),
(608, '0150-018596', '0896516623', 3),
(609, '0150-018678', '0848520333', 3),
(610, '0150-019648', '0806994855', 3),
(611, '0150-015698', '0628194759', 2),
(612, '0150-018635', '0937762853', 2),
(613, '0150-019642', '0833965298', 2),
(614, '0150-020937', '0987053457', 3),
(615, '0150-019432', '0923617989', 2),
(616, '0150-021826', '0815415612', 2),
(617, '0150-021804', '0922540746', 2),
(618, '0150-021968', '0817380352', 2),
(619, '0150-021860', '0979236495', 2),
(620, '0150-021862', '0862853526', 2),
(621, '0150-021905', '0819571169', 2),
(622, '0150-019466', '0816780870', 2),
(623, '0150-017601', '0899719223', 2),
(624, '0150-018680', '0813708406', 2),
(625, '0150-017524', '0810778923', 2),
(626, '0150-021893', '', 2),
(627, '0150-021827', '0817380086', 2),
(628, '0150-021947', '0898965303', 2),
(629, '0150-021875', '0815350286', 2),
(630, '0150-021864', '0851113992', 2),
(631, '0150-021821', '0815997469', 2),
(632, '0150-015905', '0866911419', 2),
(633, '0150-017727', '0819565427', 2),
(634, '0150-021733', '0896524781', 2),
(635, '0150-021867', '0911644665', 2),
(636, '0150-021825', '0899791027', 2),
(637, '0150-021874', '0880025327', 2),
(638, '0150-021829', '0815350391', 2),
(639, '0150-021845', '0815350267', 2),
(640, '0150-021971', '0898666830', 2),
(641, '0150-021851', '0868956214', 2),
(642, '0150-021765', '0639361629', 3),
(643, '0150-021888', '0818958992', 3),
(644, '0150-021967', '0979233418', 3),
(645, '0150-021866', '0898780998', 2),
(646, '0150-021871', '0898731817', 2),
(647, '0150-021760', '0878826554', 3),
(648, '0150-021786', '0936690311', 3),
(649, '0150-021960', '0972424063', 3),
(650, '0150-021900', '0847135442', 3),
(651, '0150-021869', '0808814758', 3),
(652, '0150-021868', '0831693034', 3),
(653, '0150-021881', '0894749134', 3),
(654, '0150-021889', '0818375368', 3),
(655, '0150-020718', '0818213040', 3),
(656, '0150-021823', '0864915548', 3),
(657, '0150-021884', '0892973353', 3),
(658, '0150-021841', '0864887318', 3),
(659, '0150-021891', '0873984246', 3),
(660, '0150-021922', '0820754367', 3),
(661, '0150-021772', '0941380191', 3),
(662, '0150-021897', '0872956878', 3),
(663, '0150-021758', '0862868653', 3),
(664, '0150-021798', '0856286506', 3),
(665, '0150-021837', '0880221262', 3),
(666, '0150-021904', '0917162549', 3),
(667, '0150-021745', '0825385293', 3),
(668, '0150-021751', '0904911494', 3),
(669, '0150-021778', '0993912515', 3),
(670, '0150-021920', '0828323354', 3),
(671, '0150-018628', '0876236490', 3),
(672, '0150-021738', '0869617159', 3),
(673, '0150-021730', '0846339987', 3),
(674, '0150-021762', '0950866336', 3),
(675, '0150-021752', '0884446569', 3),
(676, '0150-021756', '0862928971', 3),
(677, '0150-021755', '0635419196', 3),
(678, '0150-021855', '0899768884', 3),
(679, '0150-021761', '0891968788', 3),
(680, '0150-021776', '0824282541', 3),
(681, '0150-017895', '0895918139', 3),
(682, '0150-021740', '0889299161', 3),
(683, '0150-021878', '0895979161', 3),
(684, '0150-021894', '0897326176', 2),
(685, '0150-021870', '0818916479', 2),
(686, '0150-021836', '', 2),
(687, '0150-021859', '0937536361', 2),
(688, '0150-021847', '0614109172', 2),
(689, '0150-021863', '0817988148', 2),
(690, '0150-021731', '0845607360', 2),
(691, '0150-021901', '0897370456', 3),
(692, '0150-021892', '0897297418', 3),
(693, '0150-021838', '0954211467', 3),
(694, '0150-021890', '0897266547', 3),
(695, '0150-021840', '0895892998', 3),
(696, '0150-021822', '0815356397', 3),
(697, '0150-021854', '0869428830', 2),
(698, '0150-021879', '0818916873', 2),
(699, '0150-017598', '0819907608', 2),
(700, 'admin', '123456789', 1);

-- --------------------------------------------------------

--
-- Table structure for table `plancoding`
--

CREATE TABLE `plancoding` (
  `id` int(11) NOT NULL,
  `startcoding_plancoding` date DEFAULT NULL,
  `endcoding_plancoding` date DEFAULT NULL,
  `format_plancoding` varchar(100) DEFAULT NULL,
  `name_university_plancoding` varchar(100) DEFAULT NULL,
  `languages_plancoding` varchar(100) DEFAULT NULL,
  `databasecoding_plancoding` varchar(100) DEFAULT NULL,
  `excute_id` int(11) DEFAULT NULL,
  `statusplan_plancoding` int(11) DEFAULT NULL,
  `file_plancoding` varchar(200) DEFAULT NULL
) ENGINE=InnoDB DEFAULT CHARSET=utf8;

--
-- Dumping data for table `plancoding`
--

INSERT INTO `plancoding` (`id`, `startcoding_plancoding`, `endcoding_plancoding`, `format_plancoding`, `name_university_plancoding`, `languages_plancoding`, `databasecoding_plancoding`, `excute_id`, `statusplan_plancoding`, `file_plancoding`) VALUES
(8, '2010-03-21', '2014-05-15', 'test', 'test', 'w', 'w', 28, 1, 'fileplancoding63fedbecafad1-123.png'),
(9, '0000-00-00', '0000-00-00', '', '', '', '', 29, 1, 'fileplancoding63fedc092b19c-123.png');

-- --------------------------------------------------------

--
-- Table structure for table `position`
--

CREATE TABLE `position` (
  `id` int(11) NOT NULL,
  `name_position` varchar(300) DEFAULT NULL
) ENGINE=InnoDB DEFAULT CHARSET=utf8;

--
-- Dumping data for table `position`
--

INSERT INTO `position` (`id`, `name_position`) VALUES
(0, ''),
(1, 'Administration Officer'),
(2, 'Administrative'),
(3, 'Assistant Manager'),
(4, 'Associate Director'),
(5, 'Autonomous Maintenance Assist Manager Lower Area 2'),
(6, 'Autonomous Maintenance Manager Lower Area'),
(7, 'Autonomous Maintenance Officer Lower Area 2'),
(8, 'Autonomous Maintenance Officer Lower Area 3'),
(9, 'Autonomous Maintenance Staff'),
(10, 'Autonomous Maintenance Supervisor'),
(11, 'Autonomous Maintenance Supervisor Lower Area 3'),
(12, 'BSE Assistant Manager'),
(13, 'BSE Associate Director'),
(14, 'BSE Manager'),
(15, 'BSE Officer'),
(16, 'Cement Plant Director - TS'),
(17, 'Center of Excellence & Data Driven Director'),
(18, 'Center of Excellence Director'),
(19, 'Chief Operating Officer'),
(20, 'Civil Engineer'),
(21, 'Clinkering Manager'),
(22, 'Clinkering Staff - TS4'),
(23, 'Clinkering Staff - TS5'),
(24, 'Clinkering Staff - TS6'),
(25, 'Clinkering Supervisor - TS4'),
(26, 'Clinkering Supervisor - TS5'),
(27, 'Clinkering Supervisor - TS6'),
(28, 'COE & Data Driven Officer'),
(29, 'Command Center Assistant Manager'),
(30, 'Command Center Technician'),
(31, 'Construction Estimator'),
(32, 'CPAC Solution Center Director - South Area 1'),
(33, 'CPAC Solution Center Director - South Area 2'),
(34, 'CPAC Solution Center Director - กระบี่'),
(35, 'CPAC Solution Center Director - ภูเก็ต'),
(36, 'CPAC Solution Center Director - สงขลา'),
(37, 'CSC Associate Director'),
(38, 'Customer Fulfillment Manager'),
(39, 'Customer Fulfillment Staff - Cement Mill'),
(40, 'Customer Fulfillment Staff - Dispatching and Customer Service'),
(41, 'Customer Fulfillment Staff - Mortar'),
(42, 'Customer Fulfillment Staff - ผลิตถุงปุนซีเมนต์'),
(43, 'Customer Fulfillment Supervisor - Cement Mill'),
(44, 'Customer Fulfillment Supervisor - ผลิตถุงปุนซีเมนต์'),
(45, 'Customer Fulfillment Supervisor- Mortar'),
(46, 'Customer Fulfilment Supervisor- Dispatching and Customer Service'),
(47, 'Data Driven Director'),
(48, 'Data Science Specialist'),
(49, 'Design Solution and Execution Manager - South'),
(50, 'Design Solution and Execution Technician - South'),
(51, 'Digital Transformation Architect'),
(52, 'Digital Transformation Assistant Manager'),
(53, 'Digital Transformation Officer'),
(54, 'Digital Transformation Supervisor'),
(55, 'E2E Value Creator'),
(56, 'Ecosystem and Facility Management Director - Internal'),
(57, 'Ecosystem Management Manager'),
(58, 'Ecosystem Management Officer'),
(59, 'Electrical CM Assistant Planner - Plant Maintenance  TS'),
(60, 'Electrical CM Scheduling Manager - Plant Maintenance  TS'),
(61, 'Electrical CM/PK/Mortar Planner - Plant Maintenance  TS'),
(62, 'Electrical Execution Technician - Focus Improvement  TS'),
(63, 'Electrical Kiln/LM/AF/WHG/Auxiliary Planner - Plant Maintenance  TS'),
(64, 'Electrical Kiln/WHG/Auxiliary Planning Supervisor - Plant Maintenance  T'),
(65, 'Electrical Kiln/WHG/Auxiliary Scheduling Manager - Plant Maintenance  TS'),
(66, 'Electrical LM/AF Assistant Planner - Plant Maintenance  TS'),
(67, 'Electrical LM/AF Scheduling Manager - Plant Maintenance  TS'),
(68, 'Electrical Manager - Focus Improvement  TS'),
(69, 'Electrical PK/Mortar Assistant Planner - Plant Maintenance  TS'),
(70, 'Electrical PK/Mortar Scheduling Manager - Plant Maintenance  TS'),
(71, 'Electrical Raw Material/RM Assistant Planner - Plant Maintenance  TS'),
(72, 'Electrical Raw Material/RM Planner - Plant Maintenance  TS'),
(73, 'Electrical Raw Material/RM Scheduling Manager - Plant Maintenance  TS'),
(74, 'Electrical Repairing Technician - Plant Maintenance  TS'),
(75, 'Engineer'),
(76, 'ESG Assistant Manager'),
(77, 'ESG Director'),
(78, 'ESG Manager'),
(79, 'ESG Officer'),
(80, 'ESG Supervisor'),
(81, 'Focus Improvement Manager - Focus Improvement  TS'),
(82, 'Gear Specialist Technician'),
(83, 'Green Circularity Manager'),
(84, 'Green Energy and Alternative Fuel Manager'),
(85, 'Green Energy and Alternative Fuel Staff'),
(86, 'Green Energy and Alternative Fuel Supervisor'),
(87, 'Head of Mortar Specialist'),
(88, 'Heavy Lifting Supervisor - Plant Maintenance TS'),
(89, 'Heavy Lifting Technician - Plant Maintenance TS'),
(90, 'ID 4.0 Manager'),
(91, 'ID 4.0 Specialist'),
(92, 'ID 4.0 Staff'),
(93, 'ID 4.0 Supervisor'),
(94, 'Industry 4.0 Director'),
(95, 'License to Operate and Permit Director'),
(96, 'License to Operate and Permit Officer'),
(97, 'License to Operate and Permit Supervisor'),
(98, 'Lower Area 2 Manager'),
(99, 'Lower Area 3 Manager'),
(100, 'Lower Area Director'),
(101, 'Maintenance Reliable Service Manager'),
(102, 'Maintenance Reliable Service Supervisor - TS'),
(103, 'Maintenance Reliable Service Technician - TS'),
(104, 'Maintenance Workshop Manager - Focus Improvement  TS'),
(105, 'Maintenance Workshop Supervisor - Focus Improvement  TS'),
(106, 'Maintenance Workshop technician - Focus Improvement  TS'),
(107, 'Measurement and Analysis Technician - Plant Maintenance TS'),
(108, 'Mechanical CM/PK/Mortar Planner - Plant Maintenance  TS'),
(109, 'Mechanical CM/PK/Mortar Planning Supervisor - Plant Maintenance  TS'),
(110, 'Mechanical CM/PK/Mortar Scheduling Leader - Plant Maintenance  TS'),
(111, 'Mechanical Execution - Focus Improvement  TS'),
(112, 'Mechanical Kiln /WHG / Auxiliary Scheduling Leader - Plant Maintenance '),
(113, 'Mechanical Kiln/WHG/Auxiliary Assistant Planner - plant maintenance  TS'),
(114, 'Mechanical Kiln/WHG/Auxiliary Planner - Plant Maintenance  TS'),
(115, 'Mechanical LM/AF Assistant Planner - Plant Maintenance  TS'),
(116, 'Mechanical LM/AF Planner - Plant Maintenance  TS'),
(117, 'Mechanical LM/AF Scheduling Leader - Plant Maintenance  TS'),
(118, 'Mechanical Raw Material/RM Assistant Planner - Plant Maintenance  TS'),
(119, 'Mechanical Raw Material/RM Planner - Plant Maintenance  TS'),
(120, 'Mechanical Raw Material/RM Scheduling Leader - Plant Maintenance  TS'),
(121, 'Mechanical Repairing Technician - Plant Maintenance  TS'),
(122, 'Mechanical Supervisor - Focus Improvement  TS'),
(123, 'MEP Modeler'),
(124, 'Mine Maintenance Technician'),
(125, 'Mine Maintenance Technician Supervisor'),
(126, 'Mine Operation Manager'),
(127, 'Mine Operation Operator'),
(128, 'Mine Operation Supervisor'),
(129, 'Mine Planning and Rehabilitation Operator'),
(130, 'Mine Planning and Rehabilitation Supervisor'),
(131, 'Mine Processing Manager'),
(132, 'Mine Processing Operator'),
(133, 'Mine Processing Supervisor'),
(134, 'Mining & Green Circularity Manager - TS'),
(135, 'Mining and Green Circularity Engineer'),
(136, 'Mining Operation Manager'),
(137, 'Modeler'),
(138, 'Mortar Specialist'),
(139, 'MRO Manager - Saraburi'),
(140, 'MRO Manager - TS'),
(141, 'Operation & Supervision Assistance Manager - South'),
(142, 'Operation & Supervision Manager - South'),
(143, 'Operation & Supervision Officer'),
(144, 'Operation and Maintenance Technician - Solar'),
(145, 'Operation Officer - 3D Printing'),
(146, 'People Capability and Culture Director'),
(147, 'People Capability and Culture Manager'),
(148, 'People Capability and Culture Officer'),
(149, 'People Culture & Engagement Manager'),
(150, 'People Culture and Engagement Officer'),
(151, 'People Management Manager'),
(152, 'People Management Officer'),
(153, 'Plant Maintenance Assistant Manager - Plant Maintenance  TS'),
(154, 'Plant Maintenance Manager - Plant Maintenance  TS'),
(155, 'Process Specialist'),
(156, 'Project Assistant Manager'),
(157, 'Project Controller'),
(158, 'Project Coordinator'),
(159, 'Project Manager'),
(160, 'QCC Manager'),
(161, 'QCC Staff - Lab Automation'),
(162, 'QCC Staff - QA Clinker & Cement'),
(163, 'QCC Supervisor'),
(164, 'QCC Supervisor - QA Clinker & Cement'),
(165, 'Quality Assurance Manager'),
(166, 'Quality Specialist'),
(167, 'Raw Material and Alterative Material Operator'),
(168, 'Raw Material and Alterative Material Supervisor'),
(169, 'Ready-Mixed Concrete Business Director'),
(170, 'RMC New Business Model Development Manager'),
(171, 'Sales Assistant Manager'),
(172, 'Sales Executive'),
(173, 'Sales Manager'),
(174, 'Senior Engineer'),
(175, 'Senior ID 4.0 Specialist'),
(176, 'Senior Mortar Specialist'),
(177, 'Senior Process Specialist'),
(178, 'Senior Quality Specialist'),
(179, 'Senior Workforce Specialist'),
(180, 'Shutdown Maintenance Manager - Mechanical'),
(181, 'Shutdown Maintenance Manager - Refractory'),
(182, 'Shutdown Maintenance Technician - Mechanical'),
(183, 'Shutdown Maintenance Technician - Refractory'),
(184, 'Smart mining and Service solution Manager'),
(185, 'Smart mining and Service solution Technician'),
(186, 'Smart Store Manager'),
(187, 'Smart Store Staff'),
(188, 'Smart TP²M Consultant'),
(189, 'Smart TP²M Director'),
(190, 'Smart TP²M Manager'),
(191, 'Specialist Drone Technician'),
(192, 'Strategic Network Management Manager'),
(193, 'Strategic Planning & Data Driven Manager'),
(194, 'Systematic Preventive Maintenance Specialist'),
(195, 'Turbine & Power Plant Technician'),
(196, 'Value-Based Co-Creation Manager'),
(197, 'Value-Based Co-Creation Officer'),
(198, 'Value-Based Co-Creation Supervisor'),
(199, 'Waste Managerment Manager'),
(200, 'Waste Managerment Staff'),
(201, 'Waste Managerment Supervisor'),
(202, 'เจ้าหน้าที่ RMC Network Management'),
(203, 'เจ้าหน้าที่การตลาด'),
(204, 'เจ้าหน้าที่ธุรการ'),
(205, 'เจ้าหน้าที่ธุรการและระบบงานขาย'),
(206, 'เจ้าหน้าที่บริการคอนกรีตปั๊ม'),
(207, 'เจ้าหน้าที่แฟรนไชส์ Lower Area 2'),
(208, 'ผู้จัดการ Clinkering - TS4'),
(209, 'ผู้จัดการ Clinkering - TS5'),
(210, 'ผู้จัดการ Customer Fulfillment - Cement Mill'),
(211, 'ผู้จัดการ Customer Fulfillment - ผลิตถุงปุนซีเมนต์'),
(212, 'ผู้จัดการ RMC Network Management Lower Area 2'),
(213, 'ผู้จัดการ RMC Network Management Lower Area 3'),
(214, 'ผู้จัดการการตลาด'),
(215, 'ผู้จัดการขาย Area 2'),
(216, 'ผู้จัดการขาย Area 3'),
(217, 'ผู้จัดการธุรการ'),
(218, 'ผู้จัดการประจำ Autonomous Maintenance'),
(219, 'ผู้จัดการผลิตและบริการนครศรีธรรมราช'),
(220, 'ผู้จัดการผลิตและบริการภูเก็ต'),
(221, 'ผู้จัดการผลิตและบริการสงขลา'),
(222, 'ผู้จัดการผลิตและบริการสุราษฎร์ธานี'),
(223, 'ผู้จัดการแฟรนไชส์ Lower Area 2'),
(224, 'ผู้จัดการแฟรนไชส์ Lower Area 3'),
(225, 'ผู้ช่วยผู้จัดการการตลาด'),
(226, 'ผู้แทนขาย Area 2'),
(227, 'ผู้แทนขาย Area 3'),
(228, 'พนักงานที่ส่งเสริมคุณภาพศูนย์ทดสอบกระบี่'),
(229, 'พนักงานที่ส่งเสริมคุณภาพศูนย์ทดสอบนครศรีธรรมราช'),
(230, 'พนักงานที่ส่งเสริมคุณภาพศูนย์ทดสอบภูเก็ต'),
(231, 'พนักงานที่ส่งเสริมคุณภาพศูนย์ทดสอบสุราษฎร์ธานี'),
(232, 'พนักงานที่ส่งเสริมคุณภาพศูนย์ทดสอบหาดใหญ่'),
(233, 'พนักงานธุรการ'),
(234, 'พนักงานธุรการและระบบงานขาย'),
(235, 'พนักงานบริการเทคนิค'),
(236, 'พนักงานผลิตโรงงานฉลอง'),
(237, 'พนักงานผลิตโรงงานเชิงทะเล'),
(238, 'พนักงานผลิตโรงงานทุ่งสง 3'),
(239, 'พนักงานผลิตโรงงานนาทวี'),
(240, 'พนักงานผลิตโรงงานบางใหญ่'),
(241, 'พนักงานผลิตโรงงานแม่ขรี - พัทลุง'),
(242, 'พนักงานผลิตโรงงานสมุย'),
(243, 'พนักงานผลิตโรงงานสาคู'),
(244, 'พนักงานผลิตโรงงานแหลมพันวา'),
(245, 'พนักงานรับจ่ายศูนย์กระบี่'),
(246, 'พนักงานรับจ่ายศูนย์ภูเก็ต'),
(247, 'พนักงานรับจ่ายศูนย์สุราษฎร์ธานี'),
(248, 'พนักงานรับจ่ายศูนย์หาดใหญ่'),
(249, 'หัวหน้ากลุ่มโรงงานกระบี่'),
(250, 'หัวหน้ากลุ่มโรงงานตรัง'),
(251, 'หัวหน้ากลุ่มโรงงานนครศรีธรรมราช'),
(252, 'หัวหน้าโรงงานกลุ่มพัทลุง'),
(253, 'หัวหน้าโรงงานกลุ่มภูเก็ต'),
(254, 'หัวหน้าโรงงานกลุ่มเวียงสระ'),
(255, 'หัวหน้าโรงงานกลุ่มสุราษฎร์ธานี'),
(256, 'หัวหน้าโรงงานกลุ่มหาดใหญ่'),
(257, 'หัวหน้าโรงงานชุมพร'),
(258, 'หัวหน้าโรงงานตะกั่วป่า'),
(259, 'หัวหน้าโรงงานนครศรีธรรมราช 2'),
(260, 'หัวหน้าโรงงานศรีวิชัย'),
(261, 'หัวหน้าโรงงานศรีสุราษฎร์'),
(262, 'หัวหน้าโรงงานสงขลา'),
(263, 'หัวหน้าศูนย์รับจ่ายนครศรีธรรมราช'),
(264, 'หัวหน้าศูนย์รับจ่ายสุราษฎร์ธานี'),
(265, 'หัวหน้าสารบรรณ');

-- --------------------------------------------------------

--
-- Table structure for table `preparedata`
--

CREATE TABLE `preparedata` (
  `id` int(11) NOT NULL,
  `excute_id` int(11) DEFAULT NULL,
  `projectpurpose_preparedata` varchar(100) DEFAULT NULL,
  `businessflow_preparedata` varchar(45) DEFAULT NULL,
  `scopeofwork_preparedata` varchar(45) DEFAULT NULL,
  `swimlanediargram_preparedata` varchar(45) DEFAULT NULL,
  `uxuiprototype_preparedata` varchar(45) DEFAULT NULL,
  `sitemap_preparedata` varchar(45) DEFAULT NULL,
  `systemflowchart_status_preparedata` int(11) DEFAULT NULL,
  `dataflowdiagram_status_preparedata` int(11) DEFAULT NULL,
  `erdiargram_status_preparedata` int(11) DEFAULT NULL,
  `datadic_status_preparedata` int(11) DEFAULT NULL,
  `usecasediagram_status_preparedata` int(11) DEFAULT NULL,
  `linkprepare_preparedata` varchar(300) DEFAULT NULL
) ENGINE=InnoDB DEFAULT CHARSET=utf8;

--
-- Dumping data for table `preparedata`
--

INSERT INTO `preparedata` (`id`, `excute_id`, `projectpurpose_preparedata`, `businessflow_preparedata`, `scopeofwork_preparedata`, `swimlanediargram_preparedata`, `uxuiprototype_preparedata`, `sitemap_preparedata`, `systemflowchart_status_preparedata`, `dataflowdiagram_status_preparedata`, `erdiargram_status_preparedata`, `datadic_status_preparedata`, `usecasediagram_status_preparedata`, `linkprepare_preparedata`) VALUES
(20, 28, NULL, NULL, NULL, NULL, NULL, 'sitemapfile63fecb3fcd91a-2.pdf', 0, 0, 0, NULL, 0, '999rrrrrrww');

-- --------------------------------------------------------

--
-- Table structure for table `projectmanagement`
--

CREATE TABLE `projectmanagement` (
  `id` int(11) NOT NULL,
  `datestart_pjmanagement` date DEFAULT NULL,
  `dateendt_pjmanagement` date DEFAULT NULL,
  `requirements_id` int(11) DEFAULT NULL
) ENGINE=InnoDB DEFAULT CHARSET=utf8;

--
-- Dumping data for table `projectmanagement`
--

INSERT INTO `projectmanagement` (`id`, `datestart_pjmanagement`, `dateendt_pjmanagement`, `requirements_id`) VALUES
(141, '2023-03-15', '2023-05-18', 345),
(142, '2023-03-07', '2023-09-15', 346),
(143, '2023-05-17', '2023-08-18', 347),
(144, '2023-03-15', '2023-07-12', 348),
(145, '2023-03-09', '2023-09-14', 349),
(146, '2023-03-14', '2023-09-14', 350),
(147, '2023-07-13', '2023-10-19', 351);

-- --------------------------------------------------------

--
-- Table structure for table `prototype`
--

CREATE TABLE `prototype` (
  `id` int(11) NOT NULL,
  `file_prototype` varchar(200) DEFAULT NULL,
  `link_prototype` varchar(45) DEFAULT NULL,
  `excute_id` int(11) DEFAULT NULL
) ENGINE=InnoDB DEFAULT CHARSET=utf8;

--
-- Dumping data for table `prototype`
--

INSERT INTO `prototype` (`id`, `file_prototype`, `link_prototype`, `excute_id`) VALUES
(31, 'prototype63fec173c6ee7-123.png', 'test99', 28);

-- --------------------------------------------------------

--
-- Table structure for table `requirements`
--

CREATE TABLE `requirements` (
  `id` int(11) NOT NULL,
  `processname_req` varchar(45) DEFAULT NULL,
  `startdate_req` date DEFAULT NULL,
  `enddate_req` date DEFAULT NULL,
  `painpoint_req` varchar(45) DEFAULT NULL,
  `description_req` varchar(45) DEFAULT NULL,
  `results_benefit_req` varchar(45) DEFAULT NULL,
  `exclusion_constraints_req` varchar(45) DEFAULT NULL,
  `work_flow_req` varchar(255) DEFAULT NULL,
  `extract_file_req` varchar(255) DEFAULT NULL,
  `riskmanagement_req` varchar(255) DEFAULT NULL,
  `scopeofwork_req` varchar(255) DEFAULT NULL,
  `bussinessflow_req` varchar(255) DEFAULT NULL,
  `statusforprocess_req` int(11) DEFAULT NULL,
  `admin_id` int(11) DEFAULT NULL,
  `user_id` int(11) DEFAULT NULL,
  `approver_id` int(11) DEFAULT NULL,
  `tobe_id` int(11) DEFAULT NULL,
  `asis_id` int(11) DEFAULT NULL,
  `doingby_id` int(11) DEFAULT NULL,
  `budget_id` int(11) DEFAULT NULL,
  `status_req` int(11) DEFAULT NULL,
  `status_id` int(11) DEFAULT NULL
) ENGINE=InnoDB DEFAULT CHARSET=utf8;

--
-- Dumping data for table `requirements`
--

INSERT INTO `requirements` (`id`, `processname_req`, `startdate_req`, `enddate_req`, `painpoint_req`, `description_req`, `results_benefit_req`, `exclusion_constraints_req`, `work_flow_req`, `extract_file_req`, `riskmanagement_req`, `scopeofwork_req`, `bussinessflow_req`, `statusforprocess_req`, `admin_id`, `user_id`, `approver_id`, `tobe_id`, `asis_id`, `doingby_id`, `budget_id`, `status_req`, `status_id`) VALUES
(345, 'SYSTEM_01', '0000-00-00', '0000-00-00', '', '', NULL, '', NULL, NULL, NULL, 'scopeofwork63febda27d0f6-123.png', NULL, 3, NULL, NULL, 73, 0, 0, 0, 0, 3, 1),
(346, 'SYSTEM_02', '0000-00-00', '0000-00-00', '', '', NULL, '', NULL, NULL, NULL, NULL, NULL, 3, NULL, NULL, 73, 0, 0, 0, 0, 3, 1),
(347, 'SYSTEM_03', '0000-00-00', '0000-00-00', '', '', NULL, '', NULL, NULL, NULL, NULL, NULL, 3, NULL, NULL, 95, 0, 0, 0, 0, 3, 1),
(348, 'SYSTEM_04', '0000-00-00', '0000-00-00', '', '', NULL, '', NULL, NULL, NULL, NULL, NULL, 3, NULL, NULL, 95, 0, 0, 0, 0, 3, 1),
(349, 'SYSTEM_05', '0000-00-00', '0000-00-00', '', '', NULL, '', NULL, NULL, NULL, NULL, NULL, 3, NULL, 170, NULL, 0, 0, 0, 0, 3, 1),
(350, 'SYSTEM_06', '0000-00-00', '0000-00-00', '', '', NULL, '', NULL, NULL, NULL, NULL, NULL, 3, NULL, 170, NULL, 0, 0, 0, 0, 3, 1),
(351, 'SYSTEM_07', '0000-00-00', '0000-00-00', '', '', NULL, '', 'workflow63fef5586e071-123.png', NULL, NULL, NULL, 'bussinessflow63fef54c8644a-123.png', 2, NULL, 282, NULL, 0, 0, 0, 0, 1, 1),
(352, 'SYSTEM_08', '2023-03-01', '2023-03-01', NULL, NULL, NULL, NULL, NULL, NULL, NULL, NULL, NULL, 1, NULL, 282, NULL, 0, 0, 0, 0, 0, 4),
(353, 'SYSTEM_09', '2023-03-01', '2023-03-01', NULL, NULL, NULL, NULL, NULL, NULL, NULL, NULL, NULL, 1, NULL, 284, NULL, 0, 0, 0, 0, 0, 4),
(354, 'SYSTEM_10', '2023-03-01', '2023-03-01', NULL, NULL, NULL, NULL, NULL, NULL, NULL, NULL, NULL, 1, NULL, 284, NULL, 0, 0, 0, 0, 0, 4),
(356, 'SYSTEM_11', '2023-03-01', '2023-03-01', NULL, NULL, NULL, NULL, NULL, NULL, NULL, NULL, NULL, 1, NULL, 126, NULL, 0, 0, 0, 0, 0, 4),
(358, 'SYSTEM_12', '2023-03-01', '2023-03-01', NULL, NULL, NULL, NULL, NULL, NULL, NULL, NULL, NULL, 1, NULL, NULL, 73, 0, 0, 0, 0, 0, 4),
(359, 'SYSTEM_13', '2023-03-01', '2023-03-01', NULL, NULL, NULL, NULL, NULL, NULL, NULL, NULL, NULL, 1, NULL, NULL, 73, 0, 0, 0, 0, 0, 4);

-- --------------------------------------------------------

--
-- Table structure for table `role`
--

CREATE TABLE `role` (
  `id` int(11) NOT NULL,
  `name_role` varchar(45) DEFAULT NULL
) ENGINE=InnoDB DEFAULT CHARSET=utf8;

--
-- Dumping data for table `role`
--

INSERT INTO `role` (`id`, `name_role`) VALUES
(1, 'admin'),
(2, 'approver'),
(3, 'user');

-- --------------------------------------------------------

--
-- Table structure for table `section`
--

CREATE TABLE `section` (
  `id` int(11) NOT NULL,
  `name_section` varchar(100) DEFAULT NULL
) ENGINE=InnoDB DEFAULT CHARSET=utf8;

--
-- Dumping data for table `section`
--

INSERT INTO `section` (`id`, `name_section`) VALUES
(0, ''),
(1, 'Administration'),
(2, 'Autonomous Maintenance'),
(3, 'BIM & Design Operation'),
(4, 'Clinkering - TS4'),
(5, 'Clinkering - TS5'),
(6, 'Clinkering - TS6'),
(7, 'Digital Transformation'),
(8, 'E2E Value Creation'),
(9, 'Engineering & Design'),
(10, 'Focus Improvement & Execution team'),
(11, 'Green Energy and Alternative Fuel'),
(12, 'Industry 4.0'),
(13, 'Maintenance Workshop Service - TS'),
(14, 'Marketing'),
(15, 'Mine Maintenance'),
(16, 'Mine Operation'),
(17, 'Mine Planning And Rehabilitation'),
(18, 'Mine Processing'),
(19, 'Operation & Supervision'),
(20, 'Operation & Supervision - South'),
(21, 'Operations - Cement Mill'),
(22, 'Operations – Dispatching and Customer Service'),
(23, 'Operations – Mortar'),
(24, 'Operations – ถุงปูนซีเมนต์'),
(25, 'Plant Maintenance'),
(26, 'Production & Service นครศรีธรรมราช'),
(27, 'Production & Service สงขลา'),
(28, 'Production & Service สุราษฎร์ธานี'),
(29, 'Project Execution'),
(30, 'QCC – Analysis & Testing'),
(31, 'QCC – QA Clinker & Cement'),
(32, 'Quality Control'),
(33, 'Raw Material and Alterative Material'),
(34, 'RMC Network Management'),
(35, 'Sales'),
(36, 'Smart Mining and Service Solution'),
(37, 'Smart Store'),
(38, 'Value-Based Customer Creation'),
(39, 'Waste Managerment');

-- --------------------------------------------------------

--
-- Table structure for table `status`
--

CREATE TABLE `status` (
  `id` int(11) NOT NULL,
  `name_status` varchar(45) DEFAULT NULL
) ENGINE=InnoDB DEFAULT CHARSET=utf8;

--
-- Dumping data for table `status`
--

INSERT INTO `status` (`id`, `name_status`) VALUES
(1, 'Approve'),
(2, 'Waiting for Approve'),
(3, 'Reject'),
(4, 'Waiting Send Approve');

-- --------------------------------------------------------

--
-- Table structure for table `testing`
--

CREATE TABLE `testing` (
  `id` int(11) NOT NULL,
  `link_testing` varchar(200) DEFAULT NULL,
  `excute_id` int(11) DEFAULT NULL
) ENGINE=InnoDB DEFAULT CHARSET=utf8;

--
-- Dumping data for table `testing`
--

INSERT INTO `testing` (`id`, `link_testing`, `excute_id`) VALUES
(6, 'testtttqq', 28);

-- --------------------------------------------------------

--
-- Table structure for table `tobe`
--

CREATE TABLE `tobe` (
  `id` int(11) NOT NULL,
  `name_tobe` varchar(45) DEFAULT NULL
) ENGINE=InnoDB DEFAULT CHARSET=utf8;

--
-- Dumping data for table `tobe`
--

INSERT INTO `tobe` (`id`, `name_tobe`) VALUES
(0, 'ยังไม่ระบุ'),
(1, 'Digitization : ยกระดับระบบ'),
(2, 'Digitalization : เปลี่ยนกระบวนการทำงาน'),
(3, 'Digital Transformation : ส่งมอบลูกค้า');

-- --------------------------------------------------------

--
-- Table structure for table `user`
--

CREATE TABLE `user` (
  `id` int(11) NOT NULL,
  `login_id` int(11) DEFAULT NULL,
  `detail_id` int(11) DEFAULT NULL
) ENGINE=InnoDB DEFAULT CHARSET=utf8;

--
-- Dumping data for table `user`
--

INSERT INTO `user` (`id`, `login_id`, `detail_id`) VALUES
(1, 3, 3),
(2, 4, 4),
(3, 5, 5),
(4, 6, 6),
(5, 13, 13),
(6, 14, 14),
(7, 15, 15),
(8, 16, 16),
(9, 17, 17),
(10, 18, 18),
(11, 19, 19),
(12, 20, 20),
(13, 21, 21),
(14, 22, 22),
(15, 23, 23),
(16, 24, 24),
(17, 32, 32),
(18, 37, 37),
(19, 38, 38),
(20, 39, 39),
(21, 47, 47),
(22, 48, 48),
(23, 49, 49),
(24, 50, 50),
(25, 51, 51),
(26, 52, 52),
(27, 53, 53),
(28, 54, 54),
(29, 55, 55),
(30, 56, 56),
(31, 57, 57),
(32, 58, 58),
(33, 59, 59),
(34, 60, 60),
(35, 61, 61),
(36, 62, 62),
(37, 63, 63),
(38, 64, 64),
(39, 65, 65),
(40, 66, 66),
(41, 67, 67),
(42, 68, 68),
(43, 69, 69),
(44, 70, 70),
(45, 71, 71),
(46, 72, 72),
(47, 73, 73),
(48, 74, 74),
(49, 75, 75),
(50, 76, 76),
(51, 77, 77),
(52, 78, 78),
(53, 79, 79),
(54, 80, 80),
(55, 81, 81),
(56, 82, 82),
(57, 83, 83),
(58, 84, 84),
(59, 85, 85),
(60, 86, 86),
(61, 87, 87),
(62, 88, 88),
(63, 92, 92),
(64, 94, 94),
(65, 95, 95),
(66, 96, 96),
(67, 105, 105),
(68, 106, 106),
(69, 107, 107),
(70, 108, 108),
(71, 109, 109),
(72, 110, 110),
(73, 111, 111),
(74, 112, 112),
(75, 113, 113),
(76, 114, 114),
(77, 115, 115),
(78, 116, 116),
(79, 117, 117),
(80, 118, 118),
(81, 119, 119),
(82, 120, 120),
(83, 121, 121),
(84, 122, 122),
(85, 123, 123),
(86, 124, 124),
(87, 125, 125),
(88, 126, 126),
(89, 127, 127),
(90, 128, 128),
(91, 129, 129),
(92, 130, 130),
(93, 131, 131),
(94, 132, 132),
(95, 133, 133),
(96, 134, 134),
(97, 135, 135),
(98, 136, 136),
(99, 137, 137),
(100, 138, 138),
(101, 139, 139),
(102, 140, 140),
(103, 141, 141),
(104, 142, 142),
(105, 143, 143),
(106, 144, 144),
(107, 145, 145),
(108, 146, 146),
(109, 147, 147),
(110, 148, 148),
(111, 149, 149),
(112, 150, 150),
(113, 162, 162),
(114, 163, 163),
(115, 168, 168),
(116, 169, 169),
(117, 190, 190),
(118, 191, 191),
(119, 192, 192),
(120, 193, 193),
(121, 194, 194),
(122, 197, 197),
(123, 198, 198),
(124, 199, 199),
(125, 202, 202),
(126, 203, 203),
(127, 204, 204),
(128, 208, 208),
(129, 211, 211),
(130, 213, 213),
(131, 216, 216),
(132, 217, 217),
(133, 218, 218),
(134, 219, 219),
(135, 220, 220),
(136, 221, 221),
(137, 222, 222),
(138, 223, 223),
(139, 224, 224),
(140, 225, 225),
(141, 226, 226),
(142, 227, 227),
(143, 228, 228),
(144, 229, 229),
(145, 230, 230),
(146, 231, 231),
(147, 232, 232),
(148, 233, 233),
(149, 234, 234),
(150, 235, 235),
(151, 249, 249),
(152, 250, 250),
(153, 251, 251),
(154, 252, 252),
(155, 253, 253),
(156, 259, 259),
(157, 262, 262),
(158, 263, 263),
(159, 264, 264),
(160, 265, 265),
(161, 266, 266),
(162, 267, 267),
(163, 268, 268),
(164, 269, 269),
(165, 273, 273),
(166, 274, 274),
(167, 281, 281),
(168, 282, 282),
(169, 287, 287),
(170, 288, 288),
(171, 289, 289),
(172, 296, 296),
(173, 297, 297),
(174, 300, 300),
(175, 301, 301),
(176, 302, 302),
(177, 303, 303),
(178, 304, 304),
(179, 305, 305),
(180, 306, 306),
(181, 307, 307),
(182, 308, 308),
(183, 311, 311),
(184, 312, 312),
(185, 313, 313),
(186, 314, 314),
(187, 315, 315),
(188, 316, 316),
(189, 318, 318),
(190, 320, 320),
(191, 321, 321),
(192, 323, 323),
(193, 324, 324),
(194, 325, 325),
(195, 326, 326),
(196, 327, 327),
(197, 328, 328),
(198, 329, 329),
(199, 330, 330),
(200, 331, 331),
(201, 332, 332),
(202, 333, 333),
(203, 334, 334),
(204, 335, 335),
(205, 336, 336),
(206, 337, 337),
(207, 338, 338),
(208, 339, 339),
(209, 340, 340),
(210, 341, 341),
(211, 342, 342),
(212, 343, 343),
(213, 344, 344),
(214, 345, 345),
(215, 346, 346),
(216, 347, 347),
(217, 349, 349),
(218, 350, 350),
(219, 351, 351),
(220, 352, 352),
(221, 353, 353),
(222, 354, 354),
(223, 355, 355),
(224, 356, 356),
(225, 357, 357),
(226, 358, 358),
(227, 362, 362),
(228, 363, 363),
(229, 364, 364),
(230, 365, 365),
(231, 366, 366),
(232, 367, 367),
(233, 368, 368),
(234, 369, 369),
(235, 370, 370),
(236, 371, 371),
(237, 373, 373),
(238, 374, 374),
(239, 375, 375),
(240, 376, 376),
(241, 377, 377),
(242, 378, 378),
(243, 379, 379),
(244, 380, 380),
(245, 381, 381),
(246, 382, 382),
(247, 383, 383),
(248, 384, 384),
(249, 388, 388),
(250, 389, 389),
(251, 390, 390),
(252, 391, 391),
(253, 392, 392),
(254, 393, 393),
(255, 394, 394),
(256, 395, 395),
(257, 401, 401),
(258, 402, 402),
(259, 403, 403),
(260, 404, 404),
(261, 405, 405),
(262, 406, 406),
(263, 407, 407),
(264, 408, 408),
(265, 409, 409),
(266, 410, 410),
(267, 411, 411),
(268, 417, 417),
(269, 418, 418),
(270, 419, 419),
(271, 420, 420),
(272, 421, 421),
(273, 422, 422),
(274, 423, 423),
(275, 424, 424),
(276, 425, 425),
(277, 426, 426),
(278, 429, 429),
(279, 430, 430),
(280, 431, 431),
(281, 432, 432),
(282, 433, 433),
(283, 435, 435),
(284, 437, 437),
(285, 438, 438),
(286, 461, 461),
(287, 462, 462),
(288, 463, 463),
(289, 464, 464),
(290, 465, 465),
(291, 466, 466),
(292, 467, 467),
(293, 468, 468),
(294, 469, 469),
(295, 470, 470),
(296, 471, 471),
(297, 472, 472),
(298, 473, 473),
(299, 474, 474),
(300, 475, 475),
(301, 476, 476),
(302, 477, 477),
(303, 478, 478),
(304, 479, 479),
(305, 480, 480),
(306, 481, 481),
(307, 482, 482),
(308, 483, 483),
(309, 484, 484),
(310, 485, 485),
(311, 486, 486),
(312, 487, 487),
(313, 488, 488),
(314, 489, 489),
(315, 490, 490),
(316, 491, 491),
(317, 492, 492),
(318, 493, 493),
(319, 494, 494),
(320, 495, 495),
(321, 503, 503),
(322, 504, 504),
(323, 505, 505),
(324, 506, 506),
(325, 507, 507),
(326, 508, 508),
(327, 509, 509),
(328, 510, 510),
(329, 511, 511),
(330, 512, 512),
(331, 513, 513),
(332, 514, 514),
(333, 515, 515),
(334, 516, 516),
(335, 517, 517),
(336, 528, 528),
(337, 529, 529),
(338, 530, 530),
(339, 531, 531),
(340, 532, 532),
(341, 533, 533),
(342, 534, 534),
(343, 535, 535),
(344, 546, 546),
(345, 547, 547),
(346, 548, 548),
(347, 549, 549),
(348, 550, 550),
(349, 551, 551),
(350, 574, 574),
(351, 575, 575),
(352, 576, 576),
(353, 577, 577),
(354, 579, 579),
(355, 580, 580),
(356, 582, 582),
(357, 583, 583),
(358, 584, 584),
(359, 585, 585),
(360, 586, 586),
(361, 587, 587),
(362, 588, 588),
(363, 589, 589),
(364, 590, 590),
(365, 594, 594),
(366, 595, 595),
(367, 596, 596),
(368, 600, 600),
(369, 601, 601),
(370, 603, 603),
(371, 604, 604),
(372, 605, 605),
(373, 606, 606),
(374, 607, 607),
(375, 608, 608),
(376, 609, 609),
(377, 610, 610),
(378, 614, 614),
(379, 642, 642),
(380, 643, 643),
(381, 644, 644),
(382, 647, 647),
(383, 648, 648),
(384, 649, 649),
(385, 650, 650),
(386, 651, 651),
(387, 652, 652),
(388, 653, 653),
(389, 654, 654),
(390, 655, 655),
(391, 656, 656),
(392, 657, 657),
(393, 658, 658),
(394, 659, 659),
(395, 660, 660),
(396, 661, 661),
(397, 662, 662),
(398, 663, 663),
(399, 664, 664),
(400, 665, 665),
(401, 666, 666),
(402, 667, 667),
(403, 668, 668),
(404, 669, 669),
(405, 670, 670),
(406, 671, 671),
(407, 672, 672),
(408, 673, 673),
(409, 674, 674),
(410, 675, 675),
(411, 676, 676),
(412, 677, 677),
(413, 678, 678),
(414, 679, 679),
(415, 680, 680),
(416, 681, 681),
(417, 682, 682),
(418, 683, 683),
(419, 691, 691),
(420, 692, 692),
(421, 693, 693),
(422, 694, 694),
(423, 695, 695),
(424, 696, 696);

-- --------------------------------------------------------

--
-- Table structure for table `valuerelease`
--

CREATE TABLE `valuerelease` (
  `id` int(11) NOT NULL,
  `mandays_value` varchar(45) DEFAULT NULL,
  `startdates_value` date DEFAULT NULL,
  `enddates_value` date DEFAULT NULL,
  `wages_value` varchar(20) DEFAULT NULL,
  `estimates_value` varchar(20) DEFAULT NULL,
  `estimates_value_number` varchar(20) DEFAULT NULL,
  `valuereleases_value` varchar(45) DEFAULT NULL,
  `valuereleases_value_number` float DEFAULT NULL,
  `benefitpeoples_value` varchar(45) DEFAULT NULL,
  `benefitpeoples_value_number` float DEFAULT NULL,
  `benefitmoneys_value` varchar(45) DEFAULT NULL,
  `benefitmoneys_value_number` float DEFAULT NULL,
  `benefitpeoplemandayss_value` varchar(45) DEFAULT NULL,
  `benefitpeoplemandayss_value_number` float DEFAULT NULL,
  `filebefores_value` varchar(100) DEFAULT NULL,
  `fileafter_value` varchar(100) DEFAULT NULL,
  `excute_id` int(11) DEFAULT NULL,
  `statusvaluereleases` int(11) DEFAULT NULL
) ENGINE=InnoDB DEFAULT CHARSET=utf8;

--
-- Indexes for dumped tables
--

--
-- Indexes for table `admin`
--
ALTER TABLE `admin`
  ADD PRIMARY KEY (`id`),
  ADD KEY `fk_admin_detail1_idx` (`detail_id`),
  ADD KEY `fk_admin_login1_idx` (`login_id`);

--
-- Indexes for table `approvals`
--
ALTER TABLE `approvals`
  ADD PRIMARY KEY (`id`),
  ADD KEY `fk_Approvals_Requirements1_idx` (`Requirements_id`),
  ADD KEY `fk_approvals_approver1_idx` (`approver_id`);

--
-- Indexes for table `approver`
--
ALTER TABLE `approver`
  ADD PRIMARY KEY (`id`),
  ADD KEY `fk_approver_detail1_idx` (`detail_id`),
  ADD KEY `fk_approver_login1_idx` (`login_id`);

--
-- Indexes for table `asis`
--
ALTER TABLE `asis`
  ADD PRIMARY KEY (`id`);

--
-- Indexes for table `budget`
--
ALTER TABLE `budget`
  ADD PRIMARY KEY (`id`),
  ADD UNIQUE KEY `id` (`id`);

--
-- Indexes for table `coding`
--
ALTER TABLE `coding`
  ADD PRIMARY KEY (`id`),
  ADD UNIQUE KEY `link_UNIQUE` (`link_coding`),
  ADD KEY `fk_excute_coding_idx` (`excute_id`);

--
-- Indexes for table `company`
--
ALTER TABLE `company`
  ADD PRIMARY KEY (`id`);

--
-- Indexes for table `confirmprototype`
--
ALTER TABLE `confirmprototype`
  ADD PRIMARY KEY (`id`),
  ADD KEY `fk_prototype_idx` (`prototype_id`);

--
-- Indexes for table `department`
--
ALTER TABLE `department`
  ADD PRIMARY KEY (`id`);

--
-- Indexes for table `deploy`
--
ALTER TABLE `deploy`
  ADD PRIMARY KEY (`id`),
  ADD KEY `fk_delivered_Architect1_idx` (`Architect_id`);

--
-- Indexes for table `detail`
--
ALTER TABLE `detail`
  ADD PRIMARY KEY (`id`),
  ADD UNIQUE KEY `id_UNIQUE` (`id`),
  ADD KEY `fk_position_idx` (`position_id`),
  ADD KEY `fk_section_idx` (`section_id`),
  ADD KEY `fk_department_idx` (`department_id`),
  ADD KEY `fk_division_idx` (`division_id`),
  ADD KEY `fk_company_idx` (`company_id`);

--
-- Indexes for table `division`
--
ALTER TABLE `division`
  ADD PRIMARY KEY (`id`);

--
-- Indexes for table `doingby`
--
ALTER TABLE `doingby`
  ADD PRIMARY KEY (`id`);

--
-- Indexes for table `emailreqtoapprover`
--
ALTER TABLE `emailreqtoapprover`
  ADD PRIMARY KEY (`id`),
  ADD KEY `fk_projectmanagetment_idx` (`projectmanagetment_id`);

--
-- Indexes for table `excute`
--
ALTER TABLE `excute`
  ADD PRIMARY KEY (`id`),
  ADD KEY `fk_Architect_Approvals1_idx` (`Approvals_id`);

--
-- Indexes for table `history`
--
ALTER TABLE `history`
  ADD PRIMARY KEY (`id`),
  ADD KEY `fk_admin_idx` (`admin_id`),
  ADD KEY `fk_approver_idx` (`approver_id`),
  ADD KEY `fk_user_idx` (`user_id`),
  ADD KEY `fk_doingby_idx` (`doingby_id`),
  ADD KEY `fk_asis_idx` (`asis_id`),
  ADD KEY `fk_budget_idx` (`budget_id`),
  ADD KEY `fk_tobe_idx` (`tobe_id`);

--
-- Indexes for table `historyreject`
--
ALTER TABLE `historyreject`
  ADD PRIMARY KEY (`id`),
  ADD KEY `fk_admin_idx` (`admin_id`),
  ADD KEY `fk_approver_idx` (`approver_id`),
  ADD KEY `fk_user_idx` (`user_id`),
  ADD KEY `fk_doingby_idx` (`doingby_id`),
  ADD KEY `fk_tobe_idx` (`tobe_id`),
  ADD KEY `fk_budjet_idx` (`budget_id`),
  ADD KEY `fk_asis_idx` (`asis_id`);

--
-- Indexes for table `implement`
--
ALTER TABLE `implement`
  ADD PRIMARY KEY (`id`),
  ADD KEY `fk_excuteid_idx` (`id_excute`);

--
-- Indexes for table `login`
--
ALTER TABLE `login`
  ADD PRIMARY KEY (`id`),
  ADD KEY `fk_role1_idx` (`role_id`);

--
-- Indexes for table `plancoding`
--
ALTER TABLE `plancoding`
  ADD PRIMARY KEY (`id`),
  ADD KEY `fk_plancode_excute_idx` (`excute_id`);

--
-- Indexes for table `position`
--
ALTER TABLE `position`
  ADD PRIMARY KEY (`id`);

--
-- Indexes for table `preparedata`
--
ALTER TABLE `preparedata`
  ADD PRIMARY KEY (`id`),
  ADD KEY `fk_excute_prepare_idx` (`excute_id`);

--
-- Indexes for table `projectmanagement`
--
ALTER TABLE `projectmanagement`
  ADD PRIMARY KEY (`id`),
  ADD KEY `fk_projectmanagement_requirements1_idx` (`requirements_id`);

--
-- Indexes for table `prototype`
--
ALTER TABLE `prototype`
  ADD PRIMARY KEY (`id`),
  ADD KEY `fk_excute_prototype_idx` (`excute_id`);

--
-- Indexes for table `requirements`
--
ALTER TABLE `requirements`
  ADD PRIMARY KEY (`id`),
  ADD KEY `fk_requirements_user1_idx` (`user_id`),
  ADD KEY `fk_requirements_approver1_idx` (`approver_id`),
  ADD KEY `fk_requirements_tobe1_idx` (`tobe_id`),
  ADD KEY `fk_requirements_asis1_idx` (`asis_id`),
  ADD KEY `fk_requirements_doingby1_idx` (`doingby_id`),
  ADD KEY `fk_requirements_budget1_idx` (`budget_id`),
  ADD KEY `fk_requirements_status_idx` (`status_id`),
  ADD KEY `fk_requirements_admin1_idx` (`admin_id`);

--
-- Indexes for table `role`
--
ALTER TABLE `role`
  ADD PRIMARY KEY (`id`);

--
-- Indexes for table `section`
--
ALTER TABLE `section`
  ADD PRIMARY KEY (`id`);

--
-- Indexes for table `status`
--
ALTER TABLE `status`
  ADD PRIMARY KEY (`id`);

--
-- Indexes for table `testing`
--
ALTER TABLE `testing`
  ADD PRIMARY KEY (`id`),
  ADD UNIQUE KEY `link_UNIQUE` (`link_testing`),
  ADD KEY `fk_excute_testing_idx` (`excute_id`);

--
-- Indexes for table `tobe`
--
ALTER TABLE `tobe`
  ADD PRIMARY KEY (`id`);

--
-- Indexes for table `user`
--
ALTER TABLE `user`
  ADD PRIMARY KEY (`id`),
  ADD KEY `fk_user_detail1_idx` (`detail_id`),
  ADD KEY `fk_user_login1_idx` (`login_id`);

--
-- Indexes for table `valuerelease`
--
ALTER TABLE `valuerelease`
  ADD PRIMARY KEY (`id`),
  ADD KEY `fk_excute_value_idx` (`excute_id`);

--
-- AUTO_INCREMENT for dumped tables
--

--
-- AUTO_INCREMENT for table `approvals`
--
ALTER TABLE `approvals`
  MODIFY `id` int(11) NOT NULL AUTO_INCREMENT, AUTO_INCREMENT=60;

--
-- AUTO_INCREMENT for table `coding`
--
ALTER TABLE `coding`
  MODIFY `id` int(11) NOT NULL AUTO_INCREMENT, AUTO_INCREMENT=6;

--
-- AUTO_INCREMENT for table `confirmprototype`
--
ALTER TABLE `confirmprototype`
  MODIFY `id` int(11) NOT NULL AUTO_INCREMENT, AUTO_INCREMENT=17;

--
-- AUTO_INCREMENT for table `deploy`
--
ALTER TABLE `deploy`
  MODIFY `id` int(11) NOT NULL AUTO_INCREMENT;

--
-- AUTO_INCREMENT for table `detail`
--
ALTER TABLE `detail`
  MODIFY `id` int(11) NOT NULL AUTO_INCREMENT, AUTO_INCREMENT=702;

--
-- AUTO_INCREMENT for table `emailreqtoapprover`
--
ALTER TABLE `emailreqtoapprover`
  MODIFY `id` int(11) NOT NULL AUTO_INCREMENT, AUTO_INCREMENT=43;

--
-- AUTO_INCREMENT for table `excute`
--
ALTER TABLE `excute`
  MODIFY `id` int(11) NOT NULL AUTO_INCREMENT, AUTO_INCREMENT=35;

--
-- AUTO_INCREMENT for table `history`
--
ALTER TABLE `history`
  MODIFY `id` int(11) NOT NULL AUTO_INCREMENT, AUTO_INCREMENT=6;

--
-- AUTO_INCREMENT for table `plancoding`
--
ALTER TABLE `plancoding`
  MODIFY `id` int(11) NOT NULL AUTO_INCREMENT, AUTO_INCREMENT=10;

--
-- AUTO_INCREMENT for table `preparedata`
--
ALTER TABLE `preparedata`
  MODIFY `id` int(11) NOT NULL AUTO_INCREMENT, AUTO_INCREMENT=21;

--
-- AUTO_INCREMENT for table `projectmanagement`
--
ALTER TABLE `projectmanagement`
  MODIFY `id` int(11) NOT NULL AUTO_INCREMENT, AUTO_INCREMENT=148;

--
-- AUTO_INCREMENT for table `prototype`
--
ALTER TABLE `prototype`
  MODIFY `id` int(11) NOT NULL AUTO_INCREMENT, AUTO_INCREMENT=32;

--
-- AUTO_INCREMENT for table `requirements`
--
ALTER TABLE `requirements`
  MODIFY `id` int(11) NOT NULL AUTO_INCREMENT, AUTO_INCREMENT=360;

--
-- AUTO_INCREMENT for table `status`
--
ALTER TABLE `status`
  MODIFY `id` int(11) NOT NULL AUTO_INCREMENT, AUTO_INCREMENT=5;

--
-- AUTO_INCREMENT for table `testing`
--
ALTER TABLE `testing`
  MODIFY `id` int(11) NOT NULL AUTO_INCREMENT, AUTO_INCREMENT=7;

--
-- AUTO_INCREMENT for table `valuerelease`
--
ALTER TABLE `valuerelease`
  MODIFY `id` int(11) NOT NULL AUTO_INCREMENT, AUTO_INCREMENT=10;

--
-- Constraints for dumped tables
--

--
-- Constraints for table `admin`
--
ALTER TABLE `admin`
  ADD CONSTRAINT `fk_admin_detail1` FOREIGN KEY (`detail_id`) REFERENCES `detail` (`id`) ON DELETE NO ACTION ON UPDATE NO ACTION,
  ADD CONSTRAINT `fk_admin_login1` FOREIGN KEY (`login_id`) REFERENCES `login` (`id`) ON DELETE NO ACTION ON UPDATE NO ACTION;

--
-- Constraints for table `approvals`
--
ALTER TABLE `approvals`
  ADD CONSTRAINT `fk_Approvals_Requirements1` FOREIGN KEY (`Requirements_id`) REFERENCES `requirements` (`id`) ON DELETE CASCADE ON UPDATE CASCADE,
  ADD CONSTRAINT `fk_approvals_approver1` FOREIGN KEY (`approver_id`) REFERENCES `approver` (`id`) ON DELETE CASCADE ON UPDATE CASCADE;

--
-- Constraints for table `approver`
--
ALTER TABLE `approver`
  ADD CONSTRAINT `fk_approver_detail1` FOREIGN KEY (`detail_id`) REFERENCES `detail` (`id`) ON DELETE CASCADE ON UPDATE CASCADE,
  ADD CONSTRAINT `fk_approver_login1` FOREIGN KEY (`login_id`) REFERENCES `login` (`id`) ON DELETE CASCADE ON UPDATE CASCADE;

--
-- Constraints for table `coding`
--
ALTER TABLE `coding`
  ADD CONSTRAINT `fk_excute_coding` FOREIGN KEY (`excute_id`) REFERENCES `excute` (`id`) ON DELETE CASCADE ON UPDATE CASCADE;

--
-- Constraints for table `confirmprototype`
--
ALTER TABLE `confirmprototype`
  ADD CONSTRAINT `fk_prototype` FOREIGN KEY (`prototype_id`) REFERENCES `prototype` (`id`) ON DELETE CASCADE ON UPDATE CASCADE;

--
-- Constraints for table `deploy`
--
ALTER TABLE `deploy`
  ADD CONSTRAINT `fk_delivered_Architect1` FOREIGN KEY (`Architect_id`) REFERENCES `excute` (`id`) ON DELETE NO ACTION ON UPDATE NO ACTION;

--
-- Constraints for table `detail`
--
ALTER TABLE `detail`
  ADD CONSTRAINT `fk_company` FOREIGN KEY (`company_id`) REFERENCES `company` (`id`) ON DELETE NO ACTION ON UPDATE NO ACTION,
  ADD CONSTRAINT `fk_department` FOREIGN KEY (`department_id`) REFERENCES `department` (`id`) ON DELETE NO ACTION ON UPDATE NO ACTION,
  ADD CONSTRAINT `fk_division` FOREIGN KEY (`division_id`) REFERENCES `division` (`id`) ON DELETE NO ACTION ON UPDATE NO ACTION,
  ADD CONSTRAINT `fk_position` FOREIGN KEY (`position_id`) REFERENCES `position` (`id`) ON DELETE NO ACTION ON UPDATE NO ACTION,
  ADD CONSTRAINT `fk_section` FOREIGN KEY (`section_id`) REFERENCES `section` (`id`) ON DELETE NO ACTION ON UPDATE NO ACTION;

--
-- Constraints for table `emailreqtoapprover`
--
ALTER TABLE `emailreqtoapprover`
  ADD CONSTRAINT `fk_projectmanagetment` FOREIGN KEY (`projectmanagetment_id`) REFERENCES `projectmanagement` (`id`) ON DELETE CASCADE ON UPDATE CASCADE;

--
-- Constraints for table `excute`
--
ALTER TABLE `excute`
  ADD CONSTRAINT `fk_Architect_Approvals1` FOREIGN KEY (`Approvals_id`) REFERENCES `approvals` (`id`) ON DELETE CASCADE ON UPDATE CASCADE;

--
-- Constraints for table `history`
--
ALTER TABLE `history`
  ADD CONSTRAINT `fk_admin` FOREIGN KEY (`admin_id`) REFERENCES `admin` (`id`) ON DELETE NO ACTION ON UPDATE NO ACTION,
  ADD CONSTRAINT `fk_approver` FOREIGN KEY (`approver_id`) REFERENCES `approver` (`id`) ON DELETE NO ACTION ON UPDATE NO ACTION,
  ADD CONSTRAINT `fk_asis` FOREIGN KEY (`asis_id`) REFERENCES `asis` (`id`) ON DELETE NO ACTION ON UPDATE NO ACTION,
  ADD CONSTRAINT `fk_budget` FOREIGN KEY (`budget_id`) REFERENCES `budget` (`id`) ON DELETE NO ACTION ON UPDATE NO ACTION,
  ADD CONSTRAINT `fk_doingby` FOREIGN KEY (`doingby_id`) REFERENCES `doingby` (`id`) ON DELETE NO ACTION ON UPDATE NO ACTION,
  ADD CONSTRAINT `fk_tobe` FOREIGN KEY (`tobe_id`) REFERENCES `tobe` (`id`) ON DELETE NO ACTION ON UPDATE NO ACTION,
  ADD CONSTRAINT `fk_user` FOREIGN KEY (`user_id`) REFERENCES `user` (`id`) ON DELETE NO ACTION ON UPDATE NO ACTION;

--
-- Constraints for table `historyreject`
--
ALTER TABLE `historyreject`
  ADD CONSTRAINT `fk_admin_r` FOREIGN KEY (`admin_id`) REFERENCES `admin` (`id`) ON DELETE NO ACTION ON UPDATE NO ACTION,
  ADD CONSTRAINT `fk_approver_r` FOREIGN KEY (`approver_id`) REFERENCES `approver` (`id`) ON DELETE NO ACTION ON UPDATE NO ACTION,
  ADD CONSTRAINT `fk_asis_r` FOREIGN KEY (`asis_id`) REFERENCES `asis` (`id`) ON DELETE NO ACTION ON UPDATE NO ACTION,
  ADD CONSTRAINT `fk_budget_r` FOREIGN KEY (`budget_id`) REFERENCES `budget` (`id`) ON DELETE NO ACTION ON UPDATE NO ACTION,
  ADD CONSTRAINT `fk_doingby_r` FOREIGN KEY (`doingby_id`) REFERENCES `doingby` (`id`) ON DELETE NO ACTION ON UPDATE NO ACTION,
  ADD CONSTRAINT `fk_tobe_r` FOREIGN KEY (`tobe_id`) REFERENCES `tobe` (`id`) ON DELETE NO ACTION ON UPDATE NO ACTION,
  ADD CONSTRAINT `fk_user_r` FOREIGN KEY (`user_id`) REFERENCES `user` (`id`) ON DELETE NO ACTION ON UPDATE NO ACTION;

--
-- Constraints for table `implement`
--
ALTER TABLE `implement`
  ADD CONSTRAINT `fk_excuteid` FOREIGN KEY (`id_excute`) REFERENCES `excute` (`id`) ON DELETE CASCADE ON UPDATE CASCADE;

--
-- Constraints for table `login`
--
ALTER TABLE `login`
  ADD CONSTRAINT `fk_role1` FOREIGN KEY (`role_id`) REFERENCES `role` (`id`) ON DELETE NO ACTION ON UPDATE NO ACTION;

--
-- Constraints for table `plancoding`
--
ALTER TABLE `plancoding`
  ADD CONSTRAINT `fk_plancode_excute` FOREIGN KEY (`excute_id`) REFERENCES `excute` (`id`) ON DELETE CASCADE ON UPDATE CASCADE;

--
-- Constraints for table `preparedata`
--
ALTER TABLE `preparedata`
  ADD CONSTRAINT `fk_excute_prepare` FOREIGN KEY (`excute_id`) REFERENCES `excute` (`id`) ON DELETE CASCADE ON UPDATE CASCADE;

--
-- Constraints for table `projectmanagement`
--
ALTER TABLE `projectmanagement`
  ADD CONSTRAINT `fk_projectmanagement_requirements1` FOREIGN KEY (`requirements_id`) REFERENCES `requirements` (`id`) ON DELETE CASCADE ON UPDATE CASCADE;

--
-- Constraints for table `prototype`
--
ALTER TABLE `prototype`
  ADD CONSTRAINT `fk_excute_prototype` FOREIGN KEY (`excute_id`) REFERENCES `excute` (`id`) ON DELETE CASCADE ON UPDATE CASCADE;

--
-- Constraints for table `requirements`
--
ALTER TABLE `requirements`
  ADD CONSTRAINT `fk_requirements_admin1` FOREIGN KEY (`admin_id`) REFERENCES `admin` (`id`) ON DELETE CASCADE ON UPDATE CASCADE,
  ADD CONSTRAINT `fk_requirements_approver1` FOREIGN KEY (`approver_id`) REFERENCES `approver` (`id`) ON DELETE CASCADE ON UPDATE CASCADE,
  ADD CONSTRAINT `fk_requirements_asis1` FOREIGN KEY (`asis_id`) REFERENCES `asis` (`id`) ON DELETE NO ACTION ON UPDATE NO ACTION,
  ADD CONSTRAINT `fk_requirements_budget1` FOREIGN KEY (`budget_id`) REFERENCES `budget` (`id`) ON DELETE NO ACTION ON UPDATE NO ACTION,
  ADD CONSTRAINT `fk_requirements_doingby1` FOREIGN KEY (`doingby_id`) REFERENCES `doingby` (`id`) ON DELETE NO ACTION ON UPDATE NO ACTION,
  ADD CONSTRAINT `fk_requirements_status` FOREIGN KEY (`status_id`) REFERENCES `status` (`id`) ON DELETE NO ACTION ON UPDATE NO ACTION,
  ADD CONSTRAINT `fk_requirements_tobe1` FOREIGN KEY (`tobe_id`) REFERENCES `tobe` (`id`) ON DELETE NO ACTION ON UPDATE NO ACTION,
  ADD CONSTRAINT `fk_requirements_user1` FOREIGN KEY (`user_id`) REFERENCES `user` (`id`) ON DELETE CASCADE ON UPDATE CASCADE;

--
-- Constraints for table `testing`
--
ALTER TABLE `testing`
  ADD CONSTRAINT `fk_excute_testing` FOREIGN KEY (`excute_id`) REFERENCES `excute` (`id`) ON DELETE CASCADE ON UPDATE CASCADE;

--
-- Constraints for table `user`
--
ALTER TABLE `user`
  ADD CONSTRAINT `fk_user_detail1` FOREIGN KEY (`detail_id`) REFERENCES `detail` (`id`) ON DELETE CASCADE ON UPDATE CASCADE,
  ADD CONSTRAINT `fk_user_login1` FOREIGN KEY (`login_id`) REFERENCES `login` (`id`) ON DELETE CASCADE ON UPDATE CASCADE;

--
-- Constraints for table `valuerelease`
--
ALTER TABLE `valuerelease`
  ADD CONSTRAINT `fk_excute_value` FOREIGN KEY (`excute_id`) REFERENCES `excute` (`id`) ON DELETE CASCADE ON UPDATE CASCADE;
COMMIT;

/*!40101 SET CHARACTER_SET_CLIENT=@OLD_CHARACTER_SET_CLIENT */;
/*!40101 SET CHARACTER_SET_RESULTS=@OLD_CHARACTER_SET_RESULTS */;
/*!40101 SET COLLATION_CONNECTION=@OLD_COLLATION_CONNECTION */;
